,attnum,band,campaign,created_date,data_state,db,end_time,exec_host,expnum,nite,operator,pipeline,project,total time,reqnum,start_time,status,status_orig,submit_site,target_site,unitname,assessment,program,t_eff
4280,2,Y,Y2A1,2016-04-20 06:34:19.648281,NEW,db-desoper,2016-04-20 12:45:10,iforge130,283820.0,20140209,mjohns44,finalcut,OPS,6.152,2355,2016-04-20 06:36:01,0.0,0.0,dessub,iforge-dev,D00283820,True,survey,0.927
5495,1,Y,Y2A1,2016-03-29 14:20:08.587688,NEW,db-desoper,2016-03-29 18:41:50,fnpc7210.fnal.gov,283820.0,20140209,mjohns44,finalcut,OPS,4.33,2355,2016-03-29 14:22:02,0.0,0.0,dessub,fermigrid-ce,D00283820,True,survey,0.927
682,2,z,Y2A1,2016-04-20 06:33:45.065792,NEW,db-desoper,2016-04-20 12:54:48,iforge130,283753.0,20140209,mjohns44,finalcut,OPS,6.324,2355,2016-04-20 06:35:21,0.0,0.0,dessub,iforge-dev,D00283753,True,survey,0.807
9025,1,z,Y2A1,2016-03-29 14:19:34.533080,NEW,db-desoper,2016-03-29 18:24:50,fnpc7207.fnal.gov,283753.0,20140209,mjohns44,finalcut,OPS,4.046,2355,2016-03-29 14:22:06,0.0,0.0,dessub,fermigrid-ce,D00283753,True,survey,0.807
5494,2,z,Y2A1,2016-04-20 06:33:10.627883,NEW,db-desoper,2016-04-20 12:56:24,iforge130,282939.0,20140207,mjohns44,finalcut,OPS,6.362,2355,2016-04-20 06:34:40,0.0,0.0,dessub,iforge-dev,D00282939,True,survey,0.759
3069,1,z,Y2A1,2016-03-29 14:19:00.738063,NEW,db-desoper,2016-03-29 17:38:19,fnpc7308.fnal.gov,282939.0,20140207,mjohns44,finalcut,OPS,3.29,2355,2016-03-29 14:20:54,0.0,0.0,dessub,fermigrid-ce,D00282939,True,survey,0.759
681,2,r,Y2A1,2016-04-20 06:32:01.119489,NEW,db-desoper,2016-04-21 08:55:08,iforge126,270760.0,20140101,mjohns44,finalcut,OPS,26.358,2355,2016-04-20 06:33:39,0.0,0.0,dessub,iforge-dev,D00270760,True,survey,0.40800000000000003
680,2,g,Y2A1,2016-04-20 06:31:26.615179,NEW,db-desoper,2016-04-21 12:38:34,iforge126,270759.0,20140101,mjohns44,finalcut,OPS,30.093,2355,2016-04-20 06:32:59,0.0,0.0,dessub,iforge-dev,D00270759,True,survey,0.29700000000000004
3068,1,g,Y2A1,2016-03-29 14:17:53.134993,NEW,db-desoper,2016-03-30 11:37:21,fnpc7212.fnal.gov,270759.0,20140101,mjohns44,finalcut,OPS,21.274,2355,2016-03-29 14:20:53,0.0,0.0,dessub,fermigrid-ce,D00270759,True,survey,0.29700000000000004
1873,2,r,Y2A1,2016-04-20 06:30:51.990663,NEW,db-desoper,2016-04-20 12:25:16,iforge108,270656.0,20140101,mjohns44,finalcut,OPS,5.883,2355,2016-04-20 06:32:19,0.0,0.0,dessub,iforge-dev,D00270656,True,survey,1.1780000000000002
9024,1,r,Y2A1,2016-03-29 14:17:18.767656,NEW,db-desoper,2016-03-29 18:03:10,fnpc7205.fnal.gov,270656.0,20140101,mjohns44,finalcut,OPS,3.705,2355,2016-03-29 14:20:53,0.0,0.0,dessub,fermigrid-ce,D00270656,True,survey,1.1780000000000002
1872,2,r,Y2A1,2016-04-20 06:30:17.441214,NEW,db-desoper,2016-04-20 11:26:57,iforge111,270337.0,20131231,mjohns44,finalcut,OPS,4.916,2355,2016-04-20 06:31:59,0.0,0.0,dessub,iforge-dev,D00270337,True,survey,1.205
6701,1,r,Y2A1,2016-03-29 14:16:44.903761,NEW,db-desoper,2016-03-29 18:26:02,fnpc7208.fnal.gov,270337.0,20131231,mjohns44,finalcut,OPS,4.086,2355,2016-03-29 14:20:54,0.0,0.0,dessub,fermigrid-ce,D00270337,True,survey,1.205
4278,2,r,Y2A1,2016-04-20 06:29:42.992960,NEW,db-desoper,2016-04-20 12:25:16,iforge108,270265.0,20131231,mjohns44,finalcut,OPS,5.899,2355,2016-04-20 06:31:19,0.0,0.0,dessub,iforge-dev,D00270265,True,survey,1.2670000000000001
5493,1,r,Y2A1,2016-03-29 14:16:11.148455,NEW,db-desoper,2016-03-29 18:16:44,fnpc7209.fnal.gov,270265.0,20131231,mjohns44,finalcut,OPS,3.931,2355,2016-03-29 14:20:54,0.0,0.0,dessub,fermigrid-ce,D00270265,True,survey,1.2670000000000001
9023,2,r,Y2A1,2016-04-20 06:29:08.164084,NEW,db-desoper,2016-04-20 12:49:55,iforge130,270245.0,20131231,mjohns44,finalcut,OPS,6.321,2355,2016-04-20 06:30:39,0.0,0.0,dessub,iforge-dev,D00270245,True,survey,1.185
5492,1,r,Y2A1,2016-03-29 14:15:37.254637,NEW,db-desoper,2016-03-29 18:49:27,fnpc7206.fnal.gov,270245.0,20131231,mjohns44,finalcut,OPS,4.476,2355,2016-03-29 14:20:53,0.0,0.0,dessub,fermigrid-ce,D00270245,True,survey,1.185
7885,2,i,Y2A1,2016-04-20 06:28:33.484442,NEW,db-desoper,2016-04-20 12:41:11,iforge130,270220.0,20131231,mjohns44,finalcut,OPS,6.187,2355,2016-04-20 06:29:59,0.0,0.0,dessub,iforge-dev,D00270220,True,survey,0.913
6700,1,i,Y2A1,2016-03-29 14:15:03.462050,NEW,db-desoper,2016-03-29 18:48:18,fnpc7210.fnal.gov,270220.0,20131231,mjohns44,finalcut,OPS,4.457,2355,2016-03-29 14:20:53,0.0,0.0,dessub,fermigrid-ce,D00270220,True,survey,0.913
9022,2,r,Y2A1,2016-04-20 06:26:51.893700,NEW,db-desoper,2016-04-20 13:33:00,iforge109,270073.0,20131230,mjohns44,finalcut,OPS,7.078,2355,2016-04-20 06:28:20,0.0,0.0,dessub,iforge-dev,D00270073,True,survey,0.5740000000000001
5491,1,r,Y2A1,2016-03-29 14:14:29.408215,NEW,db-desoper,2016-03-29 20:25:37,fnpc7211.fnal.gov,270073.0,20131230,mjohns44,finalcut,OPS,6.079,2355,2016-03-29 14:20:54,0.0,0.0,dessub,fermigrid-ce,D00270073,True,survey,0.5740000000000001
9021,1,i,Y2A1,2016-03-29 14:13:55.657357,NEW,db-desoper,2016-03-29 18:46:31,fnpc7206.fnal.gov,270038.0,20131230,mjohns44,finalcut,OPS,4.501,2355,2016-03-29 14:16:27,0.0,0.0,dessub,fermigrid-ce,D00270038,True,survey,0.765
9020,1,g,Y2A1,2016-03-29 14:13:21.818676,NEW,db-desoper,2016-03-29 18:35:52,fnpc7212.fnal.gov,270028.0,20131230,mjohns44,finalcut,OPS,4.337,2355,2016-03-29 14:15:39,0.0,0.0,dessub,fermigrid-ce,D00270028,True,survey,0.5760000000000001
3067,2,r,Y2A1,2016-04-20 06:25:08.152320,NEW,db-desoper,2016-04-20 12:44:08,iforge130,269664.0,20131229,mjohns44,finalcut,OPS,6.291,2355,2016-04-20 06:26:39,0.0,0.0,dessub,iforge-dev,D00269664,True,survey,1.33
6699,1,r,Y2A1,2016-03-29 14:12:48.078358,NEW,db-desoper,2016-03-29 18:02:19,fnpc7205.fnal.gov,269664.0,20131229,mjohns44,finalcut,OPS,3.778,2355,2016-03-29 14:15:39,0.0,0.0,dessub,fermigrid-ce,D00269664,True,survey,1.33
9019,2,i,Y2A1,2016-04-20 06:23:58.586056,NEW,db-desoper,2016-04-20 12:23:29,iforge108,269597.0,20131229,mjohns44,finalcut,OPS,5.964,2355,2016-04-20 06:25:39,0.0,0.0,dessub,iforge-dev,D00269597,True,survey,1.0
1870,1,i,Y2A1,2016-03-29 14:12:14.116245,NEW,db-desoper,2016-03-29 18:15:24,fnpc7208.fnal.gov,269597.0,20131229,mjohns44,finalcut,OPS,3.996,2355,2016-03-29 14:15:39,0.0,0.0,dessub,fermigrid-ce,D00269597,True,survey,1.0
3066,2,r,Y2A1,2016-04-20 06:23:24.179422,NEW,db-desoper,2016-04-20 12:15:29,iforge109,269539.0,20131229,mjohns44,finalcut,OPS,5.842,2355,2016-04-20 06:24:59,0.0,0.0,dessub,iforge-dev,D00269539,True,supernova,0.89
6698,1,r,Y2A1,2016-03-29 14:11:40.376826,NEW,db-desoper,2016-03-29 18:25:47,fnpc7209.fnal.gov,269539.0,20131229,mjohns44,finalcut,OPS,4.169,2355,2016-03-29 14:15:39,0.0,0.0,dessub,fermigrid-ce,D00269539,True,supernova,0.89
9018,2,i,Y2A1,2016-04-20 06:22:49.565762,NEW,db-desoper,2016-04-20 12:46:05,iforge108,269350.0,20131228,mjohns44,finalcut,OPS,6.362,2355,2016-04-20 06:24:20,0.0,0.0,dessub,iforge-dev,D00269350,True,survey,1.1680000000000001
6697,1,i,Y2A1,2016-03-29 14:11:06.288833,NEW,db-desoper,2016-03-29 19:12:01,fnpc7210.fnal.gov,269350.0,20131228,mjohns44,finalcut,OPS,4.939,2355,2016-03-29 14:15:39,0.0,0.0,dessub,fermigrid-ce,D00269350,True,survey,1.1680000000000001
3065,2,g,Y2A1,2016-04-20 06:20:02.870806,NEW,db-desoper,2016-04-20 11:49:51,iforge126,269318.0,20131228,mjohns44,finalcut,OPS,5.473,2355,2016-04-20 06:21:30,0.0,0.0,dessub,iforge-dev,D00269318,True,survey,1.046
7883,1,g,Y2A1,2016-03-29 14:10:32.352462,NEW,db-desoper,2016-03-29 18:43:48,fnpc7206.fnal.gov,269318.0,20131228,mjohns44,finalcut,OPS,4.469,2355,2016-03-29 14:15:39,0.0,0.0,dessub,fermigrid-ce,D00269318,True,survey,1.046
5490,2,g,Y2A1,2016-04-20 06:19:27.875310,NEW,db-desoper,2016-04-20 11:44:25,iforge126,269200.0,20131228,mjohns44,finalcut,OPS,5.388,2355,2016-04-20 06:21:09,0.0,0.0,dessub,iforge-dev,D00269200,True,survey,0.8220000000000001
679,1,g,Y2A1,2016-03-29 14:09:58.696563,NEW,db-desoper,2016-03-29 18:22:50,fnpc7211.fnal.gov,269200.0,20131228,mjohns44,finalcut,OPS,4.119,2355,2016-03-29 14:15:40,0.0,0.0,dessub,fermigrid-ce,D00269200,True,survey,0.8220000000000001
4277,2,i,Y2A1,2016-04-20 06:18:53.319706,NEW,db-desoper,2016-04-20 11:48:01,iforge126,269196.0,20131228,mjohns44,finalcut,OPS,5.459,2355,2016-04-20 06:20:29,0.0,0.0,dessub,iforge-dev,D00269196,True,survey,0.618
4276,1,i,Y2A1,2016-03-29 14:09:25.051889,NEW,db-desoper,2016-03-30 14:16:48,fnpc7204.fnal.gov,269196.0,20131228,mjohns44,finalcut,OPS,24.019,2355,2016-03-29 14:15:38,0.0,0.0,dessub,fermigrid-ce,D00269196,True,survey,0.618
7882,2,g,Y2A1,2016-04-20 06:18:18.780620,NEW,db-desoper,2016-04-20 11:40:12,iforge106,269184.0,20131228,mjohns44,finalcut,OPS,5.34,2355,2016-04-20 06:19:49,0.0,0.0,dessub,iforge-dev,D00269184,True,survey,0.859
7881,1,g,Y2A1,2016-03-29 14:08:51.412655,NEW,db-desoper,2016-03-29 18:25:45,fnpc7201.fnal.gov,269184.0,20131228,mjohns44,finalcut,OPS,4.204,2355,2016-03-29 14:13:29,0.0,0.0,dessub,fermigrid-ce,D00269184,True,survey,0.859
1869,2,g,Y2A1,2016-04-20 06:17:08.541055,NEW,db-desoper,2016-04-20 11:59:52,iforge127,269175.0,20131228,mjohns44,finalcut,OPS,5.684,2355,2016-04-20 06:18:49,0.0,0.0,dessub,iforge-dev,D00269175,True,survey,0.5880000000000001
678,1,g,Y2A1,2016-03-29 14:08:17.728009,NEW,db-desoper,2016-03-29 18:24:48,fnpc7201.fnal.gov,269175.0,20131228,mjohns44,finalcut,OPS,4.24,2355,2016-03-29 14:10:23,0.0,0.0,dessub,fermigrid-ce,D00269175,True,survey,0.5880000000000001
5489,2,Y,Y2A1,2016-04-20 06:16:33.670038,NEW,db-desoper,2016-04-20 11:50:58,iforge132,268433.0,20131226,mjohns44,finalcut,OPS,5.547,2355,2016-04-20 06:18:09,0.0,0.0,dessub,iforge-dev,D00268433,False,survey,0.34500000000000003
1868,1,Y,Y2A1,2016-03-29 14:07:44.108856,NEW,db-desoper,2016-03-29 18:03:17,fnpc7205.fnal.gov,268433.0,20131226,mjohns44,finalcut,OPS,3.888,2355,2016-03-29 14:10:01,0.0,0.0,dessub,fermigrid-ce,D00268433,False,survey,0.34500000000000003
3064,2,z,Y2A1,2016-04-20 06:15:58.802748,NEW,db-desoper,2016-04-20 11:47:53,iforge126,268397.0,20131226,mjohns44,finalcut,OPS,5.507,2355,2016-04-20 06:17:28,0.0,0.0,dessub,iforge-dev,D00268397,True,survey,0.9820000000000001
3063,1,z,Y2A1,2016-03-29 14:07:10.547208,NEW,db-desoper,2016-03-29 18:16:08,fnpc7208.fnal.gov,268397.0,20131226,mjohns44,finalcut,OPS,4.102,2355,2016-03-29 14:10:01,0.0,0.0,dessub,fermigrid-ce,D00268397,True,survey,0.9820000000000001
677,2,i,Y2A1,2016-04-20 06:15:24.425133,NEW,db-desoper,2016-04-20 11:59:00,iforge108,268281.0,20131226,mjohns44,finalcut,OPS,5.698,2355,2016-04-20 06:17:08,0.0,0.0,dessub,iforge-dev,D00268281,False,Unknown,0.081
6696,1,i,Y2A1,2016-03-29 14:06:36.856597,NEW,db-desoper,2016-03-29 17:51:51,fnpc7209.fnal.gov,268281.0,20131226,mjohns44,finalcut,OPS,3.697,2355,2016-03-29 14:10:03,0.0,0.0,dessub,fermigrid-ce,D00268281,False,Unknown,0.081
1867,2,i,Y2A1,2016-04-20 06:14:49.610251,NEW,db-desoper,2016-04-20 12:29:05,iforge108,268054.0,20131223,mjohns44,finalcut,OPS,6.21,2355,2016-04-20 06:16:28,0.0,0.0,dessub,iforge-dev,D00268054,True,survey,0.8580000000000001
6695,1,i,Y2A1,2016-03-29 14:06:03.089747,NEW,db-desoper,2016-03-29 18:54:34,fnpc7210.fnal.gov,268054.0,20131223,mjohns44,finalcut,OPS,4.742,2355,2016-03-29 14:10:01,0.0,0.0,dessub,fermigrid-ce,D00268054,True,survey,0.8580000000000001
7880,2,i,Y2A1,2016-04-20 06:14:15.096118,NEW,db-desoper,2016-04-20 12:20:20,iforge106,268052.0,20131223,mjohns44,finalcut,OPS,6.075,2355,2016-04-20 06:15:49,0.0,0.0,dessub,iforge-dev,D00268052,True,survey,0.748
676,1,i,Y2A1,2016-03-29 14:05:29.377730,NEW,db-desoper,2016-03-29 19:05:29,fnpc7206.fnal.gov,268052.0,20131223,mjohns44,finalcut,OPS,4.924,2355,2016-03-29 14:10:03,0.0,0.0,dessub,fermigrid-ce,D00268052,True,survey,0.748
5488,2,i,Y2A1,2016-04-20 06:13:40.491025,NEW,db-desoper,2016-04-20 11:43:35,iforge106,268043.0,20131223,mjohns44,finalcut,OPS,5.474,2355,2016-04-20 06:15:09,0.0,0.0,dessub,iforge-dev,D00268043,True,survey,0.8580000000000001
6694,1,i,Y2A1,2016-03-29 14:04:55.645457,NEW,db-desoper,2016-03-29 19:50:38,fnpc7211.fnal.gov,268043.0,20131223,mjohns44,finalcut,OPS,5.677,2355,2016-03-29 14:10:01,0.0,0.0,dessub,fermigrid-ce,D00268043,True,survey,0.8580000000000001
5487,2,g,Y2A1,2016-04-20 06:13:05.917060,NEW,db-desoper,2016-04-20 12:08:25,iforge127,267934.0,20131223,mjohns44,finalcut,OPS,5.894,2355,2016-04-20 06:14:48,0.0,0.0,dessub,iforge-dev,D00267934,True,survey,0.749
675,1,g,Y2A1,2016-03-29 14:04:21.512236,NEW,db-desoper,2016-03-30 13:37:38,fnpc7204.fnal.gov,267934.0,20131223,mjohns44,finalcut,OPS,23.46,2355,2016-03-29 14:10:01,0.0,0.0,dessub,fermigrid-ce,D00267934,True,survey,0.749
7879,2,i,Y2A1,2016-04-20 06:10:19.250232,NEW,db-desoper,2016-04-20 11:47:11,iforge126,267929.0,20131223,mjohns44,finalcut,OPS,5.592,2355,2016-04-20 06:11:40,0.0,0.0,dessub,iforge-dev,D00267929,True,survey,1.1720000000000002
6693,1,i,Y2A1,2016-03-29 14:03:47.467282,NEW,db-desoper,2016-03-29 19:51:44,fnpc7201.fnal.gov,267929.0,20131223,mjohns44,finalcut,OPS,5.695,2355,2016-03-29 14:10:01,0.0,0.0,dessub,fermigrid-ce,D00267929,True,survey,1.1720000000000002
9017,2,g,Y2A1,2016-04-20 06:09:44.759980,NEW,db-desoper,2016-04-20 11:41:56,iforge126,267906.0,20131223,mjohns44,finalcut,OPS,5.51,2355,2016-04-20 06:11:21,0.0,0.0,dessub,iforge-dev,D00267906,True,survey,0.646
9016,1,g,Y2A1,2016-03-29 14:03:13.548189,NEW,db-desoper,2016-03-29 18:05:42,fnpc7208.fnal.gov,267906.0,20131223,mjohns44,finalcut,OPS,3.971,2355,2016-03-29 14:07:25,0.0,0.0,dessub,fermigrid-ce,D00267906,True,survey,0.646
6692,2,r,Y2A1,2016-04-20 06:09:10.212942,NEW,db-desoper,2016-04-20 12:06:17,iforge108,267890.0,20131223,mjohns44,finalcut,OPS,5.927,2355,2016-04-20 06:10:40,0.0,0.0,dessub,iforge-dev,D00267890,False,Unknown,0.138
1866,1,r,Y2A1,2016-03-29 14:02:39.717203,NEW,db-desoper,2016-03-29 19:08:11,fnpc7210.fnal.gov,267890.0,20131223,mjohns44,finalcut,OPS,5.057,2355,2016-03-29 14:04:45,0.0,0.0,dessub,fermigrid-ce,D00267890,False,Unknown,0.138
674,2,z,Y2A1,2016-04-20 06:08:35.758374,NEW,db-desoper,2016-04-20 12:38:54,iforge130,267740.0,20131222,mjohns44,finalcut,OPS,6.471,2355,2016-04-20 06:10:40,0.0,0.0,dessub,iforge-dev,D00267740,True,survey,0.659
1865,1,z,Y2A1,2016-03-29 14:02:05.592066,NEW,db-desoper,2016-03-29 18:29:38,fnpc7206.fnal.gov,267740.0,20131222,mjohns44,finalcut,OPS,4.414,2355,2016-03-29 14:04:46,0.0,0.0,dessub,fermigrid-ce,D00267740,True,survey,0.659
7878,2,z,Y2A1,2016-04-20 06:07:26.500877,NEW,db-desoper,2016-04-20 13:05:40,iforge131,267698.0,20131222,mjohns44,finalcut,OPS,6.944,2355,2016-04-20 06:09:00,0.0,0.0,dessub,iforge-dev,D00267698,True,survey,0.8200000000000001
673,1,z,Y2A1,2016-03-29 14:01:31.580071,NEW,db-desoper,2016-03-29 18:57:56,fnpc7211.fnal.gov,267698.0,20131222,mjohns44,finalcut,OPS,4.886,2355,2016-03-29 14:04:45,0.0,0.0,dessub,fermigrid-ce,D00267698,True,survey,0.8200000000000001
9015,2,i,Y2A1,2016-04-20 06:06:52.070432,NEW,db-desoper,2016-04-20 12:19:06,iforge130,267640.0,20131222,mjohns44,finalcut,OPS,6.179,2355,2016-04-20 06:08:20,0.0,0.0,dessub,iforge-dev,D00267640,True,supernova,0.403
1864,1,i,Y2A1,2016-03-29 14:00:57.624724,NEW,db-desoper,2016-03-30 12:44:02,fnpc7204.fnal.gov,267640.0,20131222,mjohns44,finalcut,OPS,22.652,2355,2016-03-29 14:04:54,0.0,0.0,dessub,fermigrid-ce,D00267640,True,supernova,0.403
1863,2,Y,Y2A1,2016-04-20 06:06:17.622052,NEW,db-desoper,2016-04-20 11:52:41,iforge127,267287.0,20131221,mjohns44,finalcut,OPS,5.745,2355,2016-04-20 06:08:00,0.0,0.0,dessub,iforge-dev,D00267287,True,survey,0.595
7877,1,Y,Y2A1,2016-03-29 14:00:23.866028,NEW,db-desoper,2016-03-29 18:15:01,fnpc7201.fnal.gov,267287.0,20131221,mjohns44,finalcut,OPS,4.171,2355,2016-03-29 14:04:45,0.0,0.0,dessub,fermigrid-ce,D00267287,True,survey,0.595
7876,2,g,Y2A1,2016-04-20 06:04:36.010802,NEW,db-desoper,2016-04-21 09:18:29,iforge130,265096.0,20131215,mjohns44,finalcut,OPS,27.203,2355,2016-04-20 06:06:20,0.0,0.0,dessub,iforge-dev,D00265096,False,supernova,0.007
6691,1,g,Y2A1,2016-03-29 13:59:49.973547,NEW,db-desoper,2016-03-30 13:42:51,fnpc7202.fnal.gov,265096.0,20131215,mjohns44,finalcut,OPS,23.635,2355,2016-03-29 14:04:45,0.0,0.0,dessub,fermigrid-ce,D00265096,False,supernova,0.007
3062,2,r,Y2A1,2016-04-20 06:03:26.726083,NEW,db-desoper,2016-04-21 07:25:47,iforge127,265091.0,20131215,mjohns44,finalcut,OPS,25.347,2355,2016-04-20 06:04:58,0.0,0.0,dessub,iforge-dev,D00265091,False,supernova,0.001
4275,2,i,Y2A1,2016-04-20 06:02:17.443961,NEW,db-desoper,2016-04-21 07:47:03,iforge127,265056.0,20131215,mjohns44,finalcut,OPS,25.719,2355,2016-04-20 06:03:56,0.0,0.0,dessub,iforge-dev,D00265056,False,Unknown,0.004
671,2,r,Y2A1,2016-04-20 06:01:42.648785,NEW,db-desoper,2016-04-21 06:09:52,iforge132,263492.0,20131212,mjohns44,finalcut,OPS,24.11,2355,2016-04-20 06:03:16,0.0,0.0,dessub,iforge-dev,D00263492,False,Unknown,0.055
4274,1,r,Y2A1,2016-03-29 13:58:09.343700,NEW,db-desoper,2016-03-30 14:38:26,fnpc7201.fnal.gov,263492.0,20131212,mjohns44,finalcut,OPS,24.611,2355,2016-03-29 14:01:45,0.0,0.0,dessub,fermigrid-ce,D00263492,False,Unknown,0.055
670,2,g,Y2A1,2016-04-20 06:00:00.860315,NEW,db-desoper,2016-04-20 12:16:42,iforge127,263145.0,20131211,mjohns44,finalcut,OPS,6.252,2355,2016-04-20 06:01:35,0.0,0.0,dessub,iforge-dev,D00263145,True,survey,1.073
4273,1,g,Y2A1,2016-03-29 13:57:35.837128,NEW,db-desoper,2016-03-29 18:23:23,fnpc7211.fnal.gov,263145.0,20131211,mjohns44,finalcut,OPS,4.398,2355,2016-03-29 13:59:29,0.0,0.0,dessub,fermigrid-ce,D00263145,True,survey,1.073
1862,2,z,Y2A1,2016-04-20 05:59:26.464951,NEW,db-desoper,2016-04-20 12:18:10,iforge127,263042.0,20131211,mjohns44,finalcut,OPS,6.282,2355,2016-04-20 06:01:15,0.0,0.0,dessub,iforge-dev,D00263042,True,survey,0.8190000000000001
4272,1,z,Y2A1,2016-03-29 13:57:02.188700,NEW,db-desoper,2016-03-30 12:30:57,fnpc7204.fnal.gov,263042.0,20131211,mjohns44,finalcut,OPS,22.522,2355,2016-03-29 13:59:38,0.0,0.0,dessub,fermigrid-ce,D00263042,True,survey,0.8190000000000001
5486,2,z,Y2A1,2016-04-20 05:56:07.647863,NEW,db-desoper,2016-04-20 11:28:06,iforge106,263010.0,20131211,mjohns44,finalcut,OPS,5.508,2355,2016-04-20 05:57:37,0.0,0.0,dessub,iforge-dev,D00263010,True,survey,0.9490000000000001
5485,1,z,Y2A1,2016-03-29 13:56:28.664617,NEW,db-desoper,2016-03-29 18:24:01,fnpc7201.fnal.gov,263010.0,20131211,mjohns44,finalcut,OPS,4.409,2355,2016-03-29 13:59:29,0.0,0.0,dessub,fermigrid-ce,D00263010,True,survey,0.9490000000000001
7874,2,Y,Y2A1,2016-04-20 05:54:58.241066,NEW,db-desoper,2016-04-20 11:23:18,iforge106,263008.0,20131211,mjohns44,finalcut,OPS,5.441,2355,2016-04-20 05:56:50,0.0,0.0,dessub,iforge-dev,D00263008,True,survey,0.994
3061,1,Y,Y2A1,2016-03-29 13:55:55.121674,NEW,db-desoper,2016-03-29 17:59:05,fnpc7202.fnal.gov,263008.0,20131211,mjohns44,finalcut,OPS,3.993,2355,2016-03-29 13:59:29,0.0,0.0,dessub,fermigrid-ce,D00263008,True,survey,0.994
6690,2,r,Y2A1,2016-04-20 05:53:48.577507,NEW,db-desoper,2016-04-20 13:45:42,iforge112,262674.0,20131210,mjohns44,finalcut,OPS,7.839,2355,2016-04-20 05:55:23,0.0,0.0,dessub,iforge-dev,D00262674,True,survey,0.775
7873,1,r,Y2A1,2016-03-29 13:55:21.610162,NEW,db-desoper,2016-03-29 18:09:42,fnpc7205.fnal.gov,262674.0,20131210,mjohns44,finalcut,OPS,4.208,2355,2016-03-29 13:57:14,0.0,0.0,dessub,fermigrid-ce,D00262674,True,survey,0.775
9014,2,r,Y2A1,2016-04-20 05:53:14.098024,NEW,db-desoper,2016-04-20 11:49:22,iforge106,262670.0,20131210,mjohns44,finalcut,OPS,5.911,2355,2016-04-20 05:54:44,0.0,0.0,dessub,iforge-dev,D00262670,True,survey,0.9880000000000001
4271,1,r,Y2A1,2016-03-29 13:54:47.922875,NEW,db-desoper,2016-03-29 18:24:33,fnpc7208.fnal.gov,262670.0,20131210,mjohns44,finalcut,OPS,4.456,2355,2016-03-29 13:57:13,0.0,0.0,dessub,fermigrid-ce,D00262670,True,survey,0.9880000000000001
5484,2,i,Y2A1,2016-04-20 05:49:55.210297,NEW,db-desoper,2016-04-20 11:36:38,iforge106,262662.0,20131210,mjohns44,finalcut,OPS,5.755,2355,2016-04-20 05:51:21,0.0,0.0,dessub,iforge-dev,D00262662,True,survey,1.233
669,1,i,Y2A1,2016-03-29 13:54:14.440048,NEW,db-desoper,2016-03-29 18:17:00,fnpc7209.fnal.gov,262662.0,20131210,mjohns44,finalcut,OPS,4.33,2355,2016-03-29 13:57:13,0.0,0.0,dessub,fermigrid-ce,D00262662,True,survey,1.233
668,2,z,Y2A1,2016-04-20 05:48:46.009163,NEW,db-desoper,2016-04-20 11:29:37,iforge106,262614.0,20131210,mjohns44,finalcut,OPS,5.651,2355,2016-04-20 05:50:32,0.0,0.0,dessub,iforge-dev,D00262614,True,survey,1.006
5483,1,z,Y2A1,2016-03-29 13:53:41.023185,NEW,db-desoper,2016-03-29 18:34:16,fnpc7210.fnal.gov,262614.0,20131210,mjohns44,finalcut,OPS,4.617,2355,2016-03-29 13:57:14,0.0,0.0,dessub,fermigrid-ce,D00262614,True,survey,1.006
4270,2,z,Y2A1,2016-04-20 05:46:32.046258,NEW,db-desoper,2016-04-20 11:33:57,iforge132,262606.0,20131210,mjohns44,finalcut,OPS,5.766,2355,2016-04-20 05:48:00,0.0,0.0,dessub,iforge-dev,D00262606,True,survey,0.795
1861,1,z,Y2A1,2016-03-29 13:53:07.392756,NEW,db-desoper,2016-03-29 18:17:56,fnpc7206.fnal.gov,262606.0,20131210,mjohns44,finalcut,OPS,4.345,2355,2016-03-29 13:57:15,0.0,0.0,dessub,fermigrid-ce,D00262606,True,survey,0.795
4269,2,g,Y2A1,2016-04-20 05:44:50.059077,NEW,db-desoper,2016-04-21 12:29:42,iforge132,261252.0,20131206,mjohns44,finalcut,OPS,30.724,2355,2016-04-20 05:46:16,0.0,0.0,dessub,iforge-dev,D00261252,True,survey,0.333
3060,1,g,Y2A1,2016-03-29 13:52:33.684401,NEW,db-desoper,2016-03-30 13:52:58,fnpc7211.fnal.gov,261252.0,20131206,mjohns44,finalcut,OPS,23.929,2355,2016-03-29 13:57:13,0.0,0.0,dessub,fermigrid-ce,D00261252,True,survey,0.333
4268,1,z,Y2A1,2016-04-20 05:39:49.596704,NEW,db-desoper,2016-04-20 11:35:24,iforge106,257290.0,20131121,mjohns44,finalcut,OPS,5.897,2355,2016-04-20 05:41:35,0.0,0.0,dessub,iforge-dev,D00257290,True,survey,0.9830000000000001
667,1,z,Y2A1,2016-04-20 05:38:40.409038,NEW,db-desoper,2016-04-20 12:14:57,iforge127,257282.0,20131121,mjohns44,finalcut,OPS,6.579,2355,2016-04-20 05:40:12,0.0,0.0,dessub,iforge-dev,D00257282,True,survey,0.98
6688,1,z,Y2A1,2016-04-20 05:36:58.630206,NEW,db-desoper,2016-04-20 12:14:33,iforge127,257276.0,20131121,mjohns44,finalcut,OPS,6.596,2355,2016-04-20 05:38:48,0.0,0.0,dessub,iforge-dev,D00257276,True,survey,0.8210000000000001
7872,1,g,Y2A1,2016-04-20 05:33:39.937341,NEW,db-desoper,2016-04-21 09:22:15,iforge127,255870.0,20131118,mjohns44,finalcut,OPS,27.779,2355,2016-04-20 05:35:30,0.0,0.0,dessub,iforge-dev,D00255870,False,supernova,0.015000000000000001
3059,1,z,Y2A1,2016-04-20 05:28:11.216697,NEW,db-desoper,2016-04-21 08:27:44,iforge127,255509.0,20131117,mjohns44,finalcut,OPS,26.961,2355,2016-04-20 05:30:03,0.0,0.0,dessub,iforge-dev,D00255509,Unknown,supernova,0.01
9013,1,Y,Y2A1,2016-04-20 05:25:56.821420,NEW,db-desoper,2016-04-21 01:18:21,iforge132,255504.0,20131117,mjohns44,finalcut,OPS,19.847,2355,2016-04-20 05:27:33,0.0,0.0,dessub,iforge-dev,D00255504,False,survey,0.084
5481,1,Y,Y2A1,2016-04-20 05:25:22.398144,NEW,db-desoper,2016-04-21 10:59:05,iforge112,255498.0,20131117,mjohns44,finalcut,OPS,29.531,2355,2016-04-20 05:27:13,0.0,0.0,dessub,iforge-dev,D00255498,False,survey,0.116
3058,1,Y,Y2A1,2016-04-20 05:22:03.280965,NEW,db-desoper,2016-04-21 10:46:15,iforge108,255493.0,20131117,mjohns44,finalcut,OPS,29.376,2355,2016-04-20 05:23:43,0.0,0.0,dessub,iforge-dev,D00255493,Unknown,survey,0.021
1859,1,Y,Y2A1,2016-04-20 05:21:28.570905,NEW,db-desoper,2016-04-21 03:46:49,iforge127,255492.0,20131117,mjohns44,finalcut,OPS,22.39,2355,2016-04-20 05:23:24,0.0,0.0,dessub,iforge-dev,D00255492,Unknown,survey,0.027
6687,1,Y,Y2A1,2016-04-20 05:20:19.056697,NEW,db-desoper,2016-04-21 01:16:00,iforge132,255491.0,20131117,mjohns44,finalcut,OPS,19.901,2355,2016-04-20 05:21:57,0.0,0.0,dessub,iforge-dev,D00255491,False,survey,0.02
5480,1,Y,Y2A1,2016-04-20 05:19:44.146800,NEW,db-desoper,2016-04-21 07:28:59,iforge132,255490.0,20131117,mjohns44,finalcut,OPS,26.128,2355,2016-04-20 05:21:17,0.0,0.0,dessub,iforge-dev,D00255490,Unknown,survey,0.075
6686,1,Y,Y2A1,2016-04-20 05:18:02.410370,NEW,db-desoper,2016-04-20 23:39:41,iforge132,255485.0,20131117,mjohns44,finalcut,OPS,18.334,2355,2016-04-20 05:19:37,0.0,0.0,dessub,iforge-dev,D00255485,False,survey,0.014
6685,1,Y,Y2A1,2016-04-20 05:17:27.174213,NEW,db-desoper,2016-04-21 07:51:53,iforge112,255482.0,20131117,mjohns44,finalcut,OPS,26.543,2355,2016-04-20 05:19:17,0.0,0.0,dessub,iforge-dev,D00255482,False,survey,0.049
666,1,Y,Y2A1,2016-04-20 05:04:57.133795,NEW,db-desoper,2016-04-21 05:01:00,iforge108,255481.0,20131117,mjohns44,finalcut,OPS,23.904,2355,2016-04-20 05:06:47,0.0,0.0,dessub,iforge-dev,D00255481,Unknown,survey,0.031
7871,1,Y,Y2A1,2016-04-20 05:03:47.683588,NEW,db-desoper,2016-04-21 10:40:11,iforge130,255480.0,20131117,mjohns44,finalcut,OPS,29.581,2355,2016-04-20 05:05:20,0.0,0.0,dessub,iforge-dev,D00255480,Unknown,survey,0.078
3057,1,Y,Y2A1,2016-04-20 05:02:05.444281,NEW,db-desoper,2016-04-21 06:29:24,iforge132,255478.0,20131117,mjohns44,finalcut,OPS,25.429,2355,2016-04-20 05:03:40,0.0,0.0,dessub,iforge-dev,D00255478,False,survey,0.048
1858,1,Y,Y2A1,2016-04-20 05:01:29.877695,NEW,db-desoper,2016-04-20 22:53:12,iforge132,255477.0,20131117,mjohns44,finalcut,OPS,17.837,2355,2016-04-20 05:02:57,0.0,0.0,dessub,iforge-dev,D00255477,False,survey,0.017
664,1,Y,Y2A1,2016-04-20 04:58:43.136825,NEW,db-desoper,2016-04-21 02:24:11,iforge132,255474.0,20131117,mjohns44,finalcut,OPS,21.394,2355,2016-04-20 05:00:34,0.0,0.0,dessub,iforge-dev,D00255474,False,survey,0.034
1857,1,Y,Y2A1,2016-04-20 04:55:56.242722,NEW,db-desoper,2016-04-21 06:22:16,iforge132,255466.0,20131117,mjohns44,finalcut,OPS,25.408,2355,2016-04-20 04:57:46,0.0,0.0,dessub,iforge-dev,D00255466,Unknown,survey,0.055
5479,1,Y,Y2A1,2016-03-29 13:50:53.428180,NEW,db-desoper,2016-03-29 17:58:29,fnpc7202.fnal.gov,254119.0,20131114,mjohns44,finalcut,OPS,4.021,2355,2016-03-29 13:57:13,0.0,0.0,dessub,fermigrid-ce,D00254119,True,survey,0.87
3056,1,Y,Y2A1,2016-04-20 04:43:58.426679,NEW,db-desoper,2016-04-20 15:31:50,iforge110,253935.0,20131113,mjohns44,finalcut,OPS,10.767,2355,2016-04-20 04:45:48,0.0,0.0,dessub,iforge-dev,D00253935,True,Unknown,0.28700000000000003
9011,1,Y,Y2A1,2016-04-20 04:38:29.734662,NEW,db-desoper,2016-04-20 15:09:56,iforge106,253930.0,20131113,mjohns44,finalcut,OPS,10.492,2355,2016-04-20 04:40:24,0.0,0.0,dessub,iforge-dev,D00253930,False,Unknown,0.157
7870,1,i,Y2A1,2016-04-20 02:28:13.985668,NEW,db-desoper,2016-04-20 12:51:41,iforge110,253927.0,20131113,mjohns44,finalcut,OPS,10.361,2355,2016-04-20 02:30:03,0.0,0.0,dessub,iforge-dev,D00253927,False,Unknown,0.063
663,1,r,Y2A1,2016-04-20 01:45:02.981227,NEW,db-desoper,2016-04-20 13:42:06,iforge124,253911.0,20131113,mjohns44,finalcut,OPS,11.924,2355,2016-04-20 01:46:41,0.0,0.0,dessub,iforge-dev,D00253911,True,survey,0.535
6684,1,g,Y2A1,2016-04-20 01:44:28.249708,NEW,db-desoper,2016-04-20 14:02:42,iforge124,253909.0,20131113,mjohns44,finalcut,OPS,12.273,2355,2016-04-20 01:46:21,0.0,0.0,dessub,iforge-dev,D00253909,True,survey,0.71
6683,1,r,Y2A1,2016-04-20 01:00:38.489816,NEW,db-desoper,2016-04-20 10:56:23,iforge110,253907.0,20131113,mjohns44,finalcut,OPS,9.898,2355,2016-04-20 01:02:29,0.0,0.0,dessub,iforge-dev,D00253907,True,survey,0.5770000000000001
9010,1,g,Y2A1,2016-04-20 00:49:45.258898,NEW,db-desoper,2016-04-20 10:50:17,iforge110,253905.0,20131113,mjohns44,finalcut,OPS,9.982,2355,2016-04-20 00:51:20,0.0,0.0,dessub,iforge-dev,D00253905,True,survey,0.48900000000000005
9009,1,r,Y2A1,2016-04-20 00:32:55.480244,NEW,db-desoper,2016-04-20 10:44:15,iforge110,253901.0,20131113,mjohns44,finalcut,OPS,10.162,2355,2016-04-20 00:34:32,0.0,0.0,dessub,iforge-dev,D00253901,True,survey,0.456
3055,1,g,Y2A1,2016-03-29 13:50:19.814555,NEW,db-desoper,2016-03-29 18:13:42,fnpc7207.fnal.gov,253356.0,20131112,mjohns44,finalcut,OPS,4.275,2355,2016-03-29 13:57:13,0.0,0.0,dessub,fermigrid-ce,D00253356,False,supernova,0.10200000000000001
9008,1,Y,Y2A1,2016-04-20 00:31:13.818215,NEW,db-desoper,2016-04-20 09:50:02,iforge131,252865.0,20131110,mjohns44,finalcut,OPS,9.283,2355,2016-04-20 00:33:03,0.0,0.0,dessub,iforge-dev,D00252865,True,survey,0.28200000000000003
7869,1,g,Y2A1,2016-04-20 00:13:51.849697,NEW,db-desoper,2016-04-20 08:31:51,iforge109,252332.0,20131108,mjohns44,finalcut,OPS,8.273,2355,2016-04-20 00:15:28,0.0,0.0,dessub,iforge-dev,D00252332,False,survey,0.41800000000000004
7868,1,g,Y2A1,2016-04-20 00:13:17.291932,NEW,db-desoper,2016-04-20 08:29:47,iforge109,252316.0,20131108,mjohns44,finalcut,OPS,8.244,2355,2016-04-20 00:15:08,0.0,0.0,dessub,iforge-dev,D00252316,True,survey,0.625
1856,1,i,Y2A1,2016-04-20 00:06:43.634587,NEW,db-desoper,2016-04-20 11:03:33,iforge105,252263.0,20131108,mjohns44,finalcut,OPS,10.916,2355,2016-04-20 00:08:34,0.0,0.0,dessub,iforge-dev,D00252263,True,survey,0.372
7867,1,Y,Y2A1,2016-04-19 23:57:27.824867,NEW,db-desoper,2016-04-20 08:39:17,iforge110,252235.0,20131108,mjohns44,finalcut,OPS,8.671,2355,2016-04-19 23:59:03,0.0,0.0,dessub,iforge-dev,D00252235,True,survey,0.48100000000000004
661,1,i,Y2A1,2016-04-19 23:46:30.585584,NEW,db-desoper,2016-04-20 08:38:03,iforge110,251429.0,20131106,mjohns44,finalcut,OPS,8.828,2355,2016-04-19 23:48:21,0.0,0.0,dessub,iforge-dev,D00251429,True,survey,0.8490000000000001
7866,1,r,Y2A1,2016-03-29 13:49:12.943090,NEW,db-desoper,2016-03-29 17:55:12,fnpc7209.fnal.gov,251401.0,20131106,mjohns44,finalcut,OPS,4.054,2355,2016-03-29 13:51:58,0.0,0.0,dessub,fermigrid-ce,D00251401,True,survey,0.668
6680,1,g,Y2A1,2016-04-19 23:43:44.084430,NEW,db-desoper,2016-04-20 08:37:57,iforge110,251124.0,20131105,mjohns44,finalcut,OPS,8.872,2355,2016-04-19 23:45:39,0.0,0.0,dessub,iforge-dev,D00251124,True,supernova,0.6940000000000001
660,1,i,Y2A1,2016-04-19 23:42:34.479482,NEW,db-desoper,2016-04-20 08:30:03,iforge110,251080.0,20131105,mjohns44,finalcut,OPS,8.764,2355,2016-04-19 23:44:13,0.0,0.0,dessub,iforge-dev,D00251080,True,survey,1.493
9006,1,g,Y2A1,2016-04-19 23:40:50.254124,NEW,db-desoper,2016-04-20 08:14:43,iforge110,248063.0,20131028,mjohns44,finalcut,OPS,8.53,2355,2016-04-19 23:42:54,0.0,0.0,dessub,iforge-dev,D00248063,False,survey,0.10700000000000001
5475,1,g,Y2A1,2016-04-19 23:21:19.467354,NEW,db-desoper,2016-04-20 06:56:11,iforge108,247560.0,20131027,mjohns44,finalcut,OPS,7.55,2355,2016-04-19 23:23:10,0.0,0.0,dessub,iforge-dev,D00247560,True,survey,0.616
1855,1,g,Y2A1,2016-04-19 23:10:58.955610,NEW,db-desoper,2016-04-20 09:47:06,iforge112,246818.0,20131025,mjohns44,finalcut,OPS,10.571,2355,2016-04-19 23:12:51,0.0,0.0,dessub,iforge-dev,D00246818,False,survey,0.17600000000000002
5474,1,z,Y2A1,2016-04-19 23:04:57.927831,NEW,db-desoper,2016-04-20 06:18:47,iforge106,245909.0,20131024,mjohns44,finalcut,OPS,7.2,2355,2016-04-19 23:06:48,0.0,0.0,dessub,iforge-dev,D00245909,False,supernova,0.004
5473,1,i,Y2A1,2016-04-19 22:59:29.308187,NEW,db-desoper,2016-04-20 09:13:30,iforge131,245908.0,20131024,mjohns44,finalcut,OPS,10.203,2355,2016-04-19 23:01:21,0.0,0.0,dessub,iforge-dev,D00245908,False,supernova,0.038
3052,1,Y,Y2A1,2016-04-19 22:26:10.457546,NEW,db-desoper,2016-04-20 09:39:12,iforge107,244259.0,20131014,mjohns44,finalcut,OPS,11.187,2355,2016-04-19 22:28:00,0.0,0.0,dessub,iforge-dev,D00244259,True,survey,1.8880000000000001
3051,1,Y,Y2A1,2016-04-19 22:23:56.146961,NEW,db-desoper,2016-04-20 05:51:59,iforge106,244253.0,20131014,mjohns44,finalcut,OPS,7.443,2355,2016-04-19 22:25:25,0.0,0.0,dessub,iforge-dev,D00244253,True,survey,1.451
6675,1,Y,Y2A1,2016-04-19 22:23:21.725441,NEW,db-desoper,2016-04-20 09:48:18,iforge107,244248.0,20131014,mjohns44,finalcut,OPS,11.387,2355,2016-04-19 22:25:05,0.0,0.0,dessub,iforge-dev,D00244248,True,survey,0.9680000000000001
657,1,r,Y2A1,2016-04-19 22:22:47.331896,NEW,db-desoper,2016-04-20 06:07:57,iforge126,244238.0,20131014,mjohns44,finalcut,OPS,7.726,2355,2016-04-19 22:24:24,0.0,0.0,dessub,iforge-dev,D00244238,False,supernova,0.154
9004,1,i,Y2A1,2016-04-19 22:22:12.675456,NEW,db-desoper,2016-04-20 09:53:31,iforge107,244232.0,20131014,mjohns44,finalcut,OPS,11.496,2355,2016-04-19 22:23:44,0.0,0.0,dessub,iforge-dev,D00244232,False,supernova,0.24600000000000002
4265,1,Y,Y2A1,2016-04-19 22:21:38.225356,NEW,db-desoper,2016-04-20 06:17:02,iforge126,244222.0,20131014,mjohns44,finalcut,OPS,7.894,2355,2016-04-19 22:23:24,0.0,0.0,dessub,iforge-dev,D00244222,True,survey,0.7220000000000001
656,1,Y,Y2A1,2016-04-19 22:21:03.698566,NEW,db-desoper,2016-04-20 09:37:09,iforge105,244202.0,20131014,mjohns44,finalcut,OPS,11.24,2355,2016-04-19 22:22:44,0.0,0.0,dessub,iforge-dev,D00244202,True,survey,0.5850000000000001
5471,1,Y,Y2A1,2016-04-19 22:20:28.981360,NEW,db-desoper,2016-04-20 09:12:56,iforge112,244195.0,20131014,mjohns44,finalcut,OPS,10.848,2355,2016-04-19 22:22:03,0.0,0.0,dessub,iforge-dev,D00244195,True,survey,0.47700000000000004
3050,1,z,Y2A1,2016-04-19 22:19:54.295084,NEW,db-desoper,2016-04-20 06:31:49,iforge126,243965.0,20131013,mjohns44,finalcut,OPS,8.174,2355,2016-04-19 22:21:23,0.0,0.0,dessub,iforge-dev,D00243965,True,supernova,0.406
4264,1,z,Y2A1,2016-04-19 22:19:19.747614,NEW,db-desoper,2016-04-20 06:32:28,iforge126,243964.0,20131013,mjohns44,finalcut,OPS,8.19,2355,2016-04-19 22:21:04,0.0,0.0,dessub,iforge-dev,D00243964,True,supernova,0.5720000000000001
7865,1,z,Y2A1,2016-04-19 22:18:45.227391,NEW,db-desoper,2016-04-20 10:03:15,iforge105,243963.0,20131013,mjohns44,finalcut,OPS,11.714,2355,2016-04-19 22:20:23,0.0,0.0,dessub,iforge-dev,D00243963,True,supernova,0.651
4263,1,z,Y2A1,2016-04-19 22:18:10.887525,NEW,db-desoper,2016-04-20 06:34:31,iforge126,243962.0,20131013,mjohns44,finalcut,OPS,8.247,2355,2016-04-19 22:19:43,0.0,0.0,dessub,iforge-dev,D00243962,True,supernova,0.601
4262,1,Y,Y2A1,2016-04-19 22:17:36.283421,NEW,db-desoper,2016-04-20 06:15:46,iforge126,243960.0,20131013,mjohns44,finalcut,OPS,7.94,2355,2016-04-19 22:19:23,0.0,0.0,dessub,iforge-dev,D00243960,True,survey,0.49500000000000005
9003,1,z,Y2A1,2016-04-19 22:17:01.590346,NEW,db-desoper,2016-04-20 09:12:50,iforge131,243959.0,20131013,mjohns44,finalcut,OPS,10.902,2355,2016-04-19 22:18:43,0.0,0.0,dessub,iforge-dev,D00243959,True,supernova,0.8410000000000001
4261,1,z,Y2A1,2016-04-19 22:16:26.817203,NEW,db-desoper,2016-04-20 10:08:55,iforge105,243958.0,20131013,mjohns44,finalcut,OPS,11.848,2355,2016-04-19 22:18:03,0.0,0.0,dessub,iforge-dev,D00243958,True,supernova,0.901
5470,1,z,Y2A1,2016-04-19 22:15:52.188874,NEW,db-desoper,2016-04-20 09:16:15,iforge131,243957.0,20131013,mjohns44,finalcut,OPS,10.981,2355,2016-04-19 22:17:23,0.0,0.0,dessub,iforge-dev,D00243957,True,supernova,0.923
655,1,z,Y2A1,2016-04-19 22:15:17.705910,NEW,db-desoper,2016-04-20 09:17:06,iforge131,243956.0,20131013,mjohns44,finalcut,OPS,11.006,2355,2016-04-19 22:16:43,0.0,0.0,dessub,iforge-dev,D00243956,True,supernova,1.042
7864,1,z,Y2A1,2016-04-19 22:14:43.373501,NEW,db-desoper,2016-04-20 09:46:10,iforge107,243955.0,20131013,mjohns44,finalcut,OPS,11.496,2355,2016-04-19 22:16:23,0.0,0.0,dessub,iforge-dev,D00243955,True,supernova,1.026
4260,1,z,Y2A1,2016-04-19 22:14:08.982123,NEW,db-desoper,2016-04-20 10:01:14,iforge107,243954.0,20131013,mjohns44,finalcut,OPS,11.759,2355,2016-04-19 22:15:43,0.0,0.0,dessub,iforge-dev,D00243954,True,supernova,1.062
9002,1,z,Y2A1,2016-04-19 22:13:34.601655,NEW,db-desoper,2016-04-20 10:00:50,iforge107,243953.0,20131013,mjohns44,finalcut,OPS,11.763,2355,2016-04-19 22:15:04,0.0,0.0,dessub,iforge-dev,D00243953,True,supernova,1.061
3049,1,z,Y2A1,2016-04-19 22:12:59.699317,NEW,db-desoper,2016-04-20 10:10:40,iforge107,243952.0,20131013,mjohns44,finalcut,OPS,11.932,2355,2016-04-19 22:14:43,0.0,0.0,dessub,iforge-dev,D00243952,True,supernova,0.935
5469,1,z,Y2A1,2016-04-19 22:12:25.335592,NEW,db-desoper,2016-04-20 10:05:00,iforge107,243950.0,20131013,mjohns44,finalcut,OPS,11.849,2355,2016-04-19 22:14:03,0.0,0.0,dessub,iforge-dev,D00243950,True,supernova,0.882
7863,1,z,Y2A1,2016-04-19 22:11:50.562252,NEW,db-desoper,2016-04-20 09:44:28,iforge107,243839.0,20131013,mjohns44,finalcut,OPS,11.518,2355,2016-04-19 22:13:23,0.0,0.0,dessub,iforge-dev,D00243839,True,supernova,0.48300000000000004
6674,1,i,Y2A1,2016-04-19 22:11:16.270018,NEW,db-desoper,2016-04-20 09:15:05,iforge107,243699.0,20131012,mjohns44,finalcut,OPS,11.039,2355,2016-04-19 22:12:43,0.0,0.0,dessub,iforge-dev,D00243699,False,Unknown,0.13
1853,1,i,Y2A1,2016-04-19 22:10:41.893135,NEW,db-desoper,2016-04-20 09:26:28,iforge107,243285.0,20131011,mjohns44,finalcut,OPS,11.235,2355,2016-04-19 22:12:23,0.0,0.0,dessub,iforge-dev,D00243285,True,survey,0.442
7862,1,i,Y2A1,2016-04-19 22:10:07.597874,NEW,db-desoper,2016-04-20 09:54:24,iforge107,243213.0,20131011,mjohns44,finalcut,OPS,11.711,2355,2016-04-19 22:11:43,0.0,0.0,dessub,iforge-dev,D00243213,True,survey,0.657
7861,1,i,Y2A1,2016-04-19 22:09:33.000421,NEW,db-desoper,2016-04-20 09:38:02,iforge107,243208.0,20131011,mjohns44,finalcut,OPS,11.45,2355,2016-04-19 22:11:03,0.0,0.0,dessub,iforge-dev,D00243208,True,survey,0.561
4259,1,i,Y2A1,2016-04-19 22:08:58.755326,NEW,db-desoper,2016-04-20 10:15:37,iforge107,243137.0,20131011,mjohns44,finalcut,OPS,12.088,2355,2016-04-19 22:10:22,0.0,0.0,dessub,iforge-dev,D00243137,True,survey,1.185
4258,1,g,Y2A1,2016-04-19 22:08:24.229855,NEW,db-desoper,2016-04-20 10:13:53,iforge124,242774.0,20131010,mjohns44,finalcut,OPS,12.064,2355,2016-04-19 22:10:03,0.0,0.0,dessub,iforge-dev,D00242774,True,survey,0.5750000000000001
5468,2,i,Y2A1,2016-04-25 14:17:03.198391,NEW,db-desoper,2016-04-26 01:02:21,iforge092,242757.0,20131010,mjohns44,finalcut,OPS,10.723,2355,2016-04-25 14:18:57,0.0,0.0,dessub,iforge-dev,D00242757,Unknown,supernova,0.807
3047,1,i,Y2A1,2016-04-19 22:07:15.267194,NEW,db-desoper,2016-04-20 06:12:42,iforge106,242749.0,20131010,mjohns44,finalcut,OPS,8.061,2355,2016-04-19 22:09:03,0.0,0.0,dessub,iforge-dev,D00242749,Unknown,supernova,0.8370000000000001
5467,1,z,Y2A1,2016-04-19 22:06:41.032753,NEW,db-desoper,2016-04-20 10:05:03,iforge105,242745.0,20131010,mjohns44,finalcut,OPS,11.944,2355,2016-04-19 22:08:24,0.0,0.0,dessub,iforge-dev,D00242745,True,survey,2.121
4257,1,z,Y2A1,2016-04-19 22:06:06.669588,NEW,db-desoper,2016-04-20 10:10:29,iforge124,242743.0,20131010,mjohns44,finalcut,OPS,12.046,2355,2016-04-19 22:07:43,0.0,0.0,dessub,iforge-dev,D00242743,True,survey,2.1790000000000003
9001,2,z,Y2A1,2016-04-25 14:16:29.282648,NEW,db-desoper,2016-04-26 06:31:13,iforge089,242742.0,20131010,mjohns44,finalcut,OPS,16.204,2355,2016-04-25 14:18:58,0.0,0.0,dessub,iforge-dev,D00242742,True,survey,2.1390000000000002
9000,1,z,Y2A1,2016-04-19 22:04:57.865208,NEW,db-desoper,2016-04-20 05:51:47,iforge106,242735.0,20131010,mjohns44,finalcut,OPS,7.751,2355,2016-04-19 22:06:42,0.0,0.0,dessub,iforge-dev,D00242735,True,survey,2.024
1852,1,z,Y2A1,2016-04-19 22:04:23.696996,NEW,db-desoper,2016-04-20 09:58:26,iforge105,242729.0,20131010,mjohns44,finalcut,OPS,11.873,2355,2016-04-19 22:06:02,0.0,0.0,dessub,iforge-dev,D00242729,True,survey,1.764
7860,1,z,Y2A1,2016-04-19 22:03:49.483822,NEW,db-desoper,2016-04-20 09:57:17,iforge105,242721.0,20131010,mjohns44,finalcut,OPS,11.865,2355,2016-04-19 22:05:23,0.0,0.0,dessub,iforge-dev,D00242721,True,survey,1.28
6673,1,z,Y2A1,2016-04-19 22:03:15.116220,NEW,db-desoper,2016-04-20 09:36:23,iforge124,242719.0,20131010,mjohns44,finalcut,OPS,11.528,2355,2016-04-19 22:04:42,0.0,0.0,dessub,iforge-dev,D00242719,True,survey,1.233
8999,1,z,Y2A1,2016-04-19 22:02:40.862265,NEW,db-desoper,2016-04-20 09:29:24,iforge124,242711.0,20131010,mjohns44,finalcut,OPS,11.417,2355,2016-04-19 22:04:22,0.0,0.0,dessub,iforge-dev,D00242711,True,survey,1.395
6672,1,z,Y2A1,2016-04-19 22:02:06.549572,NEW,db-desoper,2016-04-20 09:28:08,iforge124,242706.0,20131010,mjohns44,finalcut,OPS,11.407,2355,2016-04-19 22:03:42,0.0,0.0,dessub,iforge-dev,D00242706,True,survey,1.354
8998,1,z,Y2A1,2016-04-19 22:01:31.933474,NEW,db-desoper,2016-04-20 06:05:43,iforge108,242705.0,20131010,mjohns44,finalcut,OPS,8.045,2355,2016-04-19 22:03:02,0.0,0.0,dessub,iforge-dev,D00242705,True,survey,1.5310000000000001
1851,1,z,Y2A1,2016-04-19 22:00:57.690371,NEW,db-desoper,2016-04-20 06:31:20,iforge108,242702.0,20131010,mjohns44,finalcut,OPS,8.477,2355,2016-04-19 22:02:42,0.0,0.0,dessub,iforge-dev,D00242702,True,survey,1.615
7859,1,z,Y2A1,2016-04-19 22:00:23.377821,NEW,db-desoper,2016-04-20 06:13:55,iforge106,242699.0,20131010,mjohns44,finalcut,OPS,8.197,2355,2016-04-19 22:02:04,0.0,0.0,dessub,iforge-dev,D00242699,True,survey,1.3940000000000001
5466,1,z,Y2A1,2016-04-19 21:59:48.889674,NEW,db-desoper,2016-04-20 07:09:43,iforge110,242697.0,20131010,mjohns44,finalcut,OPS,9.139,2355,2016-04-19 22:01:23,0.0,0.0,dessub,iforge-dev,D00242697,True,survey,1.719
654,1,z,Y2A1,2016-04-19 21:59:14.514699,NEW,db-desoper,2016-04-20 06:13:26,iforge108,242695.0,20131010,mjohns44,finalcut,OPS,8.212,2355,2016-04-19 22:00:43,0.0,0.0,dessub,iforge-dev,D00242695,True,survey,1.742
8997,1,z,Y2A1,2016-04-19 21:58:40.415669,NEW,db-desoper,2016-04-20 06:24:18,iforge108,242694.0,20131010,mjohns44,finalcut,OPS,8.399,2355,2016-04-19 22:00:22,0.0,0.0,dessub,iforge-dev,D00242694,True,survey,1.8780000000000001
8996,1,z,Y2A1,2016-04-19 21:58:06.201437,NEW,db-desoper,2016-04-20 06:22:29,iforge108,242689.0,20131010,mjohns44,finalcut,OPS,8.379,2355,2016-04-19 21:59:43,0.0,0.0,dessub,iforge-dev,D00242689,True,survey,1.903
3045,1,r,Y2A1,2016-04-19 21:56:23.284087,NEW,db-desoper,2016-04-20 06:36:53,iforge127,242448.0,20131009,mjohns44,finalcut,OPS,8.648,2355,2016-04-19 21:58:02,0.0,0.0,dessub,iforge-dev,D00242448,True,supernova,0.812
4253,1,g,Y2A1,2016-04-19 21:55:49.085749,NEW,db-desoper,2016-04-20 06:13:28,iforge108,242447.0,20131009,mjohns44,finalcut,OPS,8.268,2355,2016-04-19 21:57:22,0.0,0.0,dessub,iforge-dev,D00242447,True,supernova,0.48500000000000004
5465,1,r,Y2A1,2016-04-19 21:55:14.886511,NEW,db-desoper,2016-04-20 09:09:45,iforge124,241236.0,20131003,mjohns44,finalcut,OPS,11.217,2355,2016-04-19 21:56:42,0.0,0.0,dessub,iforge-dev,D00241236,True,survey,0.789
8995,1,g,Y2A1,2016-04-19 21:54:40.565725,NEW,db-desoper,2016-04-20 05:54:23,iforge106,241235.0,20131003,mjohns44,finalcut,OPS,7.967,2355,2016-04-19 21:56:23,0.0,0.0,dessub,iforge-dev,D00241235,True,survey,0.757
1848,1,r,Y2A1,2016-04-19 21:54:06.171250,NEW,db-desoper,2016-04-20 09:23:06,iforge124,241044.0,20131003,mjohns44,finalcut,OPS,11.457,2355,2016-04-19 21:55:42,0.0,0.0,dessub,iforge-dev,D00241044,True,survey,0.9650000000000001
7858,1,r,Y2A1,2016-04-19 21:53:31.605540,NEW,db-desoper,2016-04-20 09:27:37,iforge124,241043.0,20131003,mjohns44,finalcut,OPS,11.543,2355,2016-04-19 21:55:02,0.0,0.0,dessub,iforge-dev,D00241043,True,survey,0.908
5464,1,r,Y2A1,2016-04-19 21:52:56.999532,NEW,db-desoper,2016-04-20 09:23:30,iforge124,240989.0,20131003,mjohns44,finalcut,OPS,11.486,2355,2016-04-19 21:54:22,0.0,0.0,dessub,iforge-dev,D00240989,True,Unknown,0.681
1847,1,z,Y2A1,2016-04-19 21:52:22.710909,NEW,db-desoper,2016-04-20 09:19:46,iforge124,240987.0,20131003,mjohns44,finalcut,OPS,11.429,2355,2016-04-19 21:54:02,0.0,0.0,dessub,iforge-dev,D00240987,True,Unknown,1.459
7857,1,i,Y2A1,2016-04-19 21:51:48.636024,NEW,db-desoper,2016-04-20 07:53:13,iforge112,240827.0,20131002,mjohns44,finalcut,OPS,9.997,2355,2016-04-19 21:53:24,0.0,0.0,dessub,iforge-dev,D00240827,True,survey,1.075
3044,1,g,Y2A1,2016-04-19 21:51:14.314410,NEW,db-desoper,2016-04-20 18:25:09,iforge124,240826.0,20131002,mjohns44,finalcut,OPS,20.541,2355,2016-04-19 21:52:42,0.0,0.0,dessub,iforge-dev,D00240826,True,survey,0.341
1846,1,g,Y2A1,2016-04-19 21:50:40.142683,NEW,db-desoper,2016-04-20 09:42:41,iforge124,240821.0,20131002,mjohns44,finalcut,OPS,11.833,2355,2016-04-19 21:52:42,0.0,0.0,dessub,iforge-dev,D00240821,True,survey,0.748
3043,1,g,Y2A1,2016-04-19 21:50:06.093350,NEW,db-desoper,2016-04-20 06:28:47,iforge109,240819.0,20131002,mjohns44,finalcut,OPS,8.618,2355,2016-04-19 21:51:42,0.0,0.0,dessub,iforge-dev,D00240819,True,survey,0.735
3042,1,g,Y2A1,2016-04-19 21:49:31.729851,NEW,db-desoper,2016-04-20 06:23:15,iforge109,240817.0,20131002,mjohns44,finalcut,OPS,8.537,2355,2016-04-19 21:51:02,0.0,0.0,dessub,iforge-dev,D00240817,True,survey,0.7230000000000001
4252,1,g,Y2A1,2016-04-19 21:48:57.546869,NEW,db-desoper,2016-04-20 06:27:31,iforge109,240810.0,20131002,mjohns44,finalcut,OPS,8.619,2355,2016-04-19 21:50:23,0.0,0.0,dessub,iforge-dev,D00240810,True,survey,0.643
4251,1,g,Y2A1,2016-04-19 21:48:23.321334,NEW,db-desoper,2016-04-20 05:37:21,iforge106,240807.0,20131002,mjohns44,finalcut,OPS,7.789,2355,2016-04-19 21:50:02,0.0,0.0,dessub,iforge-dev,D00240807,True,survey,0.5890000000000001
1845,1,g,Y2A1,2016-04-19 21:47:49.221001,NEW,db-desoper,2016-04-20 05:41:52,iforge106,240806.0,20131002,mjohns44,finalcut,OPS,7.875,2355,2016-04-19 21:49:22,0.0,0.0,dessub,iforge-dev,D00240806,True,survey,0.6920000000000001
5463,1,g,Y2A1,2016-04-19 21:47:14.912921,NEW,db-desoper,2016-04-20 05:48:36,iforge106,240804.0,20131002,mjohns44,finalcut,OPS,7.998,2355,2016-04-19 21:48:42,0.0,0.0,dessub,iforge-dev,D00240804,True,survey,0.747
652,1,g,Y2A1,2016-04-19 21:46:40.766345,NEW,db-desoper,2016-04-20 06:24:20,iforge109,240801.0,20131002,mjohns44,finalcut,OPS,8.599,2355,2016-04-19 21:48:22,0.0,0.0,dessub,iforge-dev,D00240801,True,survey,0.634
5462,1,g,Y2A1,2016-04-19 21:46:06.582232,NEW,db-desoper,2016-04-20 06:31:14,iforge109,240799.0,20131002,mjohns44,finalcut,OPS,8.726,2355,2016-04-19 21:47:42,0.0,0.0,dessub,iforge-dev,D00240799,True,survey,0.673
651,2,g,Y2A1,2016-04-25 14:14:48.229803,NEW,db-desoper,2016-04-26 04:23:57,iforge093,240798.0,20131002,mjohns44,finalcut,OPS,14.083,2355,2016-04-25 14:18:57,0.0,0.0,dessub,iforge-dev,D00240798,True,survey,0.49300000000000005
4249,1,g,Y2A1,2016-04-19 21:44:58.287513,NEW,db-desoper,2016-04-20 06:26:52,iforge109,240793.0,20131002,mjohns44,finalcut,OPS,8.669,2355,2016-04-19 21:46:42,0.0,0.0,dessub,iforge-dev,D00240793,True,survey,0.621
6671,1,g,Y2A1,2016-04-19 21:44:24.306318,NEW,db-desoper,2016-04-20 06:21:07,iforge109,240791.0,20131002,mjohns44,finalcut,OPS,8.585,2355,2016-04-19 21:46:02,0.0,0.0,dessub,iforge-dev,D00240791,True,survey,0.743
4248,1,g,Y2A1,2016-04-19 21:43:50.275354,NEW,db-desoper,2016-04-20 06:21:40,iforge109,240789.0,20131002,mjohns44,finalcut,OPS,8.605,2355,2016-04-19 21:45:22,0.0,0.0,dessub,iforge-dev,D00240789,True,survey,0.669
5461,2,g,Y2A1,2016-04-25 14:14:14.773068,NEW,db-desoper,2016-04-26 02:55:06,iforge092,240788.0,20131002,mjohns44,finalcut,OPS,12.602,2355,2016-04-25 14:18:58,0.0,0.0,dessub,iforge-dev,D00240788,True,survey,0.58
3041,1,g,Y2A1,2016-04-19 21:42:41.877491,NEW,db-desoper,2016-04-20 06:49:36,iforge109,240785.0,20131002,mjohns44,finalcut,OPS,9.087,2355,2016-04-19 21:44:22,0.0,0.0,dessub,iforge-dev,D00240785,True,survey,0.5630000000000001
6670,1,g,Y2A1,2016-04-19 21:42:07.635991,NEW,db-desoper,2016-04-20 06:11:22,iforge127,240782.0,20131002,mjohns44,finalcut,OPS,8.461,2355,2016-04-19 21:43:42,0.0,0.0,dessub,iforge-dev,D00240782,True,survey,0.528
4246,1,r,Y2A1,2016-04-19 21:41:33.634774,NEW,db-desoper,2016-04-20 06:56:34,iforge109,240779.0,20131002,mjohns44,finalcut,OPS,9.22,2355,2016-04-19 21:43:22,0.0,0.0,dessub,iforge-dev,D00240779,True,survey,0.615
1844,1,g,Y2A1,2016-04-19 21:40:59.612864,NEW,db-desoper,2016-04-20 06:05:31,iforge127,240778.0,20131002,mjohns44,finalcut,OPS,8.38,2355,2016-04-19 21:42:42,0.0,0.0,dessub,iforge-dev,D00240778,True,survey,0.741
4245,1,g,Y2A1,2016-04-19 21:40:25.604130,NEW,db-desoper,2016-04-20 06:58:33,iforge109,240770.0,20131002,mjohns44,finalcut,OPS,9.276,2355,2016-04-19 21:42:01,0.0,0.0,dessub,iforge-dev,D00240770,True,survey,0.605
5460,1,r,Y2A1,2016-04-19 21:39:51.554285,NEW,db-desoper,2016-04-20 07:53:21,iforge109,240768.0,20131002,mjohns44,finalcut,OPS,10.2,2355,2016-04-19 21:41:20,0.0,0.0,dessub,iforge-dev,D00240768,True,supernova,0.671
5459,1,r,Y2A1,2016-04-19 21:39:17.546606,NEW,db-desoper,2016-04-20 09:35:42,iforge125,240765.0,20131002,mjohns44,finalcut,OPS,11.911,2355,2016-04-19 21:41:01,0.0,0.0,dessub,iforge-dev,D00240765,True,supernova,0.7010000000000001
6669,1,r,Y2A1,2016-04-19 21:38:43.423042,NEW,db-desoper,2016-04-20 10:22:09,iforge125,240764.0,20131002,mjohns44,finalcut,OPS,12.697,2355,2016-04-19 21:40:20,0.0,0.0,dessub,iforge-dev,D00240764,Unknown,supernova,0.739
3040,1,r,Y2A1,2016-04-19 21:38:09.397535,NEW,db-desoper,2016-04-20 06:00:05,iforge127,240761.0,20131002,mjohns44,finalcut,OPS,8.34,2355,2016-04-19 21:39:40,0.0,0.0,dessub,iforge-dev,D00240761,True,supernova,0.782
3039,1,g,Y2A1,2016-04-19 21:37:35.394959,NEW,db-desoper,2016-04-20 06:17:44,iforge127,240753.0,20131002,mjohns44,finalcut,OPS,8.64,2355,2016-04-19 21:39:20,0.0,0.0,dessub,iforge-dev,D00240753,True,survey,0.448
650,1,i,Y2A1,2016-04-19 21:37:01.301091,NEW,db-desoper,2016-04-20 10:20:28,iforge125,240748.0,20131002,mjohns44,finalcut,OPS,12.697,2355,2016-04-19 21:38:40,0.0,0.0,dessub,iforge-dev,D00240748,True,supernova,0.6910000000000001
6668,1,i,Y2A1,2016-04-19 21:36:27.276535,NEW,db-desoper,2016-04-20 09:58:01,iforge125,240741.0,20131002,mjohns44,finalcut,OPS,12.334,2355,2016-04-19 21:38:00,0.0,0.0,dessub,iforge-dev,D00240741,True,supernova,1.576
7856,1,z,Y2A1,2016-04-19 21:35:53.347427,NEW,db-desoper,2016-04-20 10:16:42,iforge125,240739.0,20131002,mjohns44,finalcut,OPS,12.651,2355,2016-04-19 21:37:40,0.0,0.0,dessub,iforge-dev,D00240739,True,supernova,1.123
4244,1,z,Y2A1,2016-04-19 21:35:19.499258,NEW,db-desoper,2016-04-20 06:39:14,iforge127,240734.0,20131002,mjohns44,finalcut,OPS,9.037,2355,2016-04-19 21:37:00,0.0,0.0,dessub,iforge-dev,D00240734,True,supernova,0.743
1843,1,z,Y2A1,2016-04-19 21:34:45.488486,NEW,db-desoper,2016-04-20 09:02:00,iforge131,240731.0,20131002,mjohns44,finalcut,OPS,11.428,2355,2016-04-19 21:36:21,0.0,0.0,dessub,iforge-dev,D00240731,True,supernova,0.627
649,1,z,Y2A1,2016-04-19 21:34:11.541887,NEW,db-desoper,2016-04-20 05:57:42,iforge127,240729.0,20131002,mjohns44,finalcut,OPS,8.367,2355,2016-04-19 21:35:40,0.0,0.0,dessub,iforge-dev,D00240729,True,supernova,0.81
5458,1,g,Y2A1,2016-04-19 21:33:37.541542,NEW,db-desoper,2016-04-20 06:00:19,iforge127,240727.0,20131002,mjohns44,finalcut,OPS,8.416,2355,2016-04-19 21:35:20,0.0,0.0,dessub,iforge-dev,D00240727,True,survey,0.36100000000000004
5457,1,g,Y2A1,2016-04-19 21:33:03.662778,NEW,db-desoper,2016-04-20 06:03:06,iforge127,240721.0,20131002,mjohns44,finalcut,OPS,8.474,2355,2016-04-19 21:34:40,0.0,0.0,dessub,iforge-dev,D00240721,True,survey,0.49200000000000005
648,1,g,Y2A1,2016-04-19 21:32:29.288791,NEW,db-desoper,2016-04-20 09:58:50,iforge125,240720.0,20131002,mjohns44,finalcut,OPS,12.414,2355,2016-04-19 21:34:00,0.0,0.0,dessub,iforge-dev,D00240720,True,survey,0.48700000000000004
4243,1,g,Y2A1,2016-04-19 21:31:55.085052,NEW,db-desoper,2016-04-20 10:03:20,iforge125,240589.0,20131001,mjohns44,finalcut,OPS,12.494,2355,2016-04-19 21:33:40,0.0,0.0,dessub,iforge-dev,D00240589,True,survey,0.552
647,1,g,Y2A1,2016-04-19 21:31:21.102415,NEW,db-desoper,2016-04-20 07:26:13,iforge112,240588.0,20131001,mjohns44,finalcut,OPS,9.887,2355,2016-04-19 21:33:01,0.0,0.0,dessub,iforge-dev,D00240588,True,survey,0.499
8994,1,z,Y2A1,2016-04-19 21:30:47.216273,NEW,db-desoper,2016-04-20 05:23:54,iforge132,240576.0,20131001,mjohns44,finalcut,OPS,7.854,2355,2016-04-19 21:32:41,0.0,0.0,dessub,iforge-dev,D00240576,True,supernova,1.443
4242,1,r,Y2A1,2016-04-19 21:30:13.375427,NEW,db-desoper,2016-04-20 09:35:42,iforge105,240568.0,20131001,mjohns44,finalcut,OPS,12.067,2355,2016-04-19 21:31:40,0.0,0.0,dessub,iforge-dev,D00240568,True,survey,0.73
5456,1,g,Y2A1,2016-04-19 21:29:39.423174,NEW,db-desoper,2016-04-20 05:44:37,iforge132,240567.0,20131001,mjohns44,finalcut,OPS,8.221,2355,2016-04-19 21:31:21,0.0,0.0,dessub,iforge-dev,D00240567,True,survey,0.5860000000000001
8993,1,i,Y2A1,2016-04-19 21:29:05.468142,NEW,db-desoper,2016-04-20 06:16:42,iforge132,240566.0,20131001,mjohns44,finalcut,OPS,8.767,2355,2016-04-19 21:30:42,0.0,0.0,dessub,iforge-dev,D00240566,True,survey,0.878
7855,1,g,Y2A1,2016-04-19 21:28:31.176254,NEW,db-desoper,2016-04-20 09:54:34,iforge125,239723.0,20130929,mjohns44,finalcut,OPS,12.409,2355,2016-04-19 21:30:01,0.0,0.0,dessub,iforge-dev,D00239723,True,survey,0.518
8992,1,i,Y2A1,2016-04-19 21:27:57.306447,NEW,db-desoper,2016-04-20 10:16:03,iforge125,239722.0,20130929,mjohns44,finalcut,OPS,12.773,2355,2016-04-19 21:29:40,0.0,0.0,dessub,iforge-dev,D00239722,True,survey,0.8280000000000001
6667,1,i,Y2A1,2016-04-19 21:27:23.373120,NEW,db-desoper,2016-04-20 09:44:09,iforge125,239342.0,20130928,mjohns44,finalcut,OPS,12.252,2355,2016-04-19 21:29:00,0.0,0.0,dessub,iforge-dev,D00239342,True,survey,0.9420000000000001
646,1,i,Y2A1,2016-04-19 21:26:49.520342,NEW,db-desoper,2016-04-20 09:49:15,iforge125,239340.0,20130928,mjohns44,finalcut,OPS,12.349,2355,2016-04-19 21:28:19,0.0,0.0,dessub,iforge-dev,D00239340,True,survey,0.9880000000000001
645,1,r,Y2A1,2016-04-19 21:26:15.578712,NEW,db-desoper,2016-04-20 09:39:26,iforge125,239258.0,20130928,mjohns44,finalcut,OPS,12.196,2355,2016-04-19 21:27:39,0.0,0.0,dessub,iforge-dev,D00239258,True,survey,1.1680000000000001
5455,1,i,Y2A1,2016-04-19 21:25:41.847713,NEW,db-desoper,2016-04-20 09:25:12,iforge125,239257.0,20130928,mjohns44,finalcut,OPS,11.965,2355,2016-04-19 21:27:19,0.0,0.0,dessub,iforge-dev,D00239257,True,survey,1.2890000000000001
3038,1,g,Y2A1,2016-04-19 21:25:07.943463,NEW,db-desoper,2016-04-20 06:01:47,iforge132,239238.0,20130928,mjohns44,finalcut,OPS,8.584,2355,2016-04-19 21:26:44,0.0,0.0,dessub,iforge-dev,D00239238,True,survey,1.054
4241,1,g,Y2A1,2016-04-19 21:24:33.540654,NEW,db-desoper,2016-04-20 05:43:31,iforge132,239237.0,20130928,mjohns44,finalcut,OPS,8.287,2355,2016-04-19 21:26:19,0.0,0.0,dessub,iforge-dev,D00239237,True,survey,1.0150000000000001
3037,1,g,Y2A1,2016-04-19 21:23:59.658360,NEW,db-desoper,2016-04-20 05:46:53,iforge132,239236.0,20130928,mjohns44,finalcut,OPS,8.354,2355,2016-04-19 21:25:39,0.0,0.0,dessub,iforge-dev,D00239236,True,survey,1.079
6666,1,g,Y2A1,2016-04-19 21:23:24.652729,NEW,db-desoper,2016-04-20 07:23:06,iforge112,239235.0,20130928,mjohns44,finalcut,OPS,9.969,2355,2016-04-19 21:24:58,0.0,0.0,dessub,iforge-dev,D00239235,True,survey,1.0510000000000002
1842,1,g,Y2A1,2016-04-19 21:22:50.740079,NEW,db-desoper,2016-04-20 07:20:52,iforge112,239234.0,20130928,mjohns44,finalcut,OPS,9.937,2355,2016-04-19 21:24:38,0.0,0.0,dessub,iforge-dev,D00239234,True,survey,0.5780000000000001
5454,1,g,Y2A1,2016-04-19 21:22:16.440189,NEW,db-desoper,2016-04-20 07:23:06,iforge112,239232.0,20130928,mjohns44,finalcut,OPS,9.986,2355,2016-04-19 21:23:57,0.0,0.0,dessub,iforge-dev,D00239232,True,survey,0.744
6665,1,r,Y2A1,2016-04-19 21:21:42.667092,NEW,db-desoper,2016-04-20 07:39:30,iforge112,239230.0,20130928,mjohns44,finalcut,OPS,10.27,2355,2016-04-19 21:23:18,0.0,0.0,dessub,iforge-dev,D00239230,True,survey,0.509
4240,1,r,Y2A1,2016-04-19 21:21:08.927416,NEW,db-desoper,2016-04-20 09:31:10,iforge125,239228.0,20130928,mjohns44,finalcut,OPS,12.143,2355,2016-04-19 21:22:36,0.0,0.0,dessub,iforge-dev,D00239228,True,survey,0.629
644,1,r,Y2A1,2016-04-19 21:20:35.087804,NEW,db-desoper,2016-04-20 06:57:50,iforge111,239226.0,20130928,mjohns44,finalcut,OPS,9.592,2355,2016-04-19 21:22:17,0.0,0.0,dessub,iforge-dev,D00239226,True,survey,0.456
3036,1,r,Y2A1,2016-04-19 21:20:01.043645,NEW,db-desoper,2016-04-20 06:55:08,iforge111,239224.0,20130928,mjohns44,finalcut,OPS,9.559,2355,2016-04-19 21:21:37,0.0,0.0,dessub,iforge-dev,D00239224,True,survey,0.456
5453,1,i,Y2A1,2016-04-19 21:19:27.134452,NEW,db-desoper,2016-04-20 07:03:08,iforge111,239223.0,20130928,mjohns44,finalcut,OPS,9.703,2355,2016-04-19 21:20:58,0.0,0.0,dessub,iforge-dev,D00239223,True,survey,0.784
6664,1,i,Y2A1,2016-04-19 21:18:53.174236,NEW,db-desoper,2016-04-20 08:48:59,iforge131,239217.0,20130928,mjohns44,finalcut,OPS,11.478,2355,2016-04-19 21:20:17,0.0,0.0,dessub,iforge-dev,D00239217,True,survey,1.097
7854,1,r,Y2A1,2016-04-19 21:18:19.384192,NEW,db-desoper,2016-04-20 07:02:02,iforge111,239214.0,20130928,mjohns44,finalcut,OPS,9.702,2355,2016-04-19 21:19:56,0.0,0.0,dessub,iforge-dev,D00239214,True,survey,0.923
3035,1,i,Y2A1,2016-04-19 21:17:45.639217,NEW,db-desoper,2016-04-20 06:58:37,iforge111,239205.0,20130928,mjohns44,finalcut,OPS,9.656,2355,2016-04-19 21:19:16,0.0,0.0,dessub,iforge-dev,D00239205,True,survey,0.87
8991,1,r,Y2A1,2016-04-19 21:17:11.705759,NEW,db-desoper,2016-04-20 07:08:48,iforge111,239203.0,20130928,mjohns44,finalcut,OPS,9.836,2355,2016-04-19 21:18:37,0.0,0.0,dessub,iforge-dev,D00239203,True,survey,0.743
8990,1,r,Y2A1,2016-04-19 21:16:37.878488,NEW,db-desoper,2016-04-20 06:59:51,iforge111,239202.0,20130928,mjohns44,finalcut,OPS,9.693,2355,2016-04-19 21:18:16,0.0,0.0,dessub,iforge-dev,D00239202,True,survey,0.7140000000000001
1841,1,i,Y2A1,2016-04-19 21:16:03.417584,NEW,db-desoper,2016-04-20 06:38:28,iforge130,239199.0,20130928,mjohns44,finalcut,OPS,9.348,2355,2016-04-19 21:17:36,0.0,0.0,dessub,iforge-dev,D00239199,True,survey,0.9860000000000001
7852,1,z,Y2A1,2016-04-19 21:14:55.264604,NEW,db-desoper,2016-04-20 05:20:04,iforge132,239186.0,20130928,mjohns44,finalcut,OPS,8.058,2355,2016-04-19 21:16:35,0.0,0.0,dessub,iforge-dev,D00239186,True,Unknown,0.455
3034,1,i,Y2A1,2016-04-19 21:14:21.292645,NEW,db-desoper,2016-04-20 06:27:27,iforge111,239182.0,20130928,mjohns44,finalcut,OPS,9.192,2355,2016-04-19 21:15:56,0.0,0.0,dessub,iforge-dev,D00239182,False,Unknown,0.263
5452,1,g,Y2A1,2016-04-19 21:13:47.538784,NEW,db-desoper,2016-04-20 06:25:02,iforge130,239179.0,20130928,mjohns44,finalcut,OPS,9.158,2355,2016-04-19 21:15:35,0.0,0.0,dessub,iforge-dev,D00239179,False,Unknown,0.009000000000000001
6662,1,r,Y2A1,2016-04-19 21:13:13.788306,NEW,db-desoper,2016-04-20 06:46:56,iforge130,239178.0,20130928,mjohns44,finalcut,OPS,9.534,2355,2016-04-19 21:14:55,0.0,0.0,dessub,iforge-dev,D00239178,False,Unknown,0.021
643,1,g,Y2A1,2016-04-19 21:12:40.027266,NEW,db-desoper,2016-04-20 06:38:47,iforge130,238961.0,20130927,mjohns44,finalcut,OPS,9.409,2355,2016-04-19 21:14:14,0.0,0.0,dessub,iforge-dev,D00238961,True,survey,0.736
4238,1,g,Y2A1,2016-04-19 21:12:06.228378,NEW,db-desoper,2016-04-20 06:34:35,iforge130,238960.0,20130927,mjohns44,finalcut,OPS,9.35,2355,2016-04-19 21:13:34,0.0,0.0,dessub,iforge-dev,D00238960,True,survey,0.8200000000000001
4237,1,i,Y2A1,2016-04-19 21:11:31.986903,NEW,db-desoper,2016-04-20 07:22:25,iforge111,237998.0,20130923,mjohns44,finalcut,OPS,10.153,2355,2016-04-19 21:13:13,0.0,0.0,dessub,iforge-dev,D00237998,True,survey,0.763
7851,1,g,Y2A1,2016-04-19 21:10:58.204835,NEW,db-desoper,2016-04-20 06:29:06,iforge130,237997.0,20130923,mjohns44,finalcut,OPS,9.276,2355,2016-04-19 21:12:34,0.0,0.0,dessub,iforge-dev,D00237997,True,survey,0.7220000000000001
6660,1,i,Y2A1,2016-04-19 21:09:16.616281,NEW,db-desoper,2016-04-20 06:08:06,iforge130,237821.0,20130922,mjohns44,finalcut,OPS,8.954,2355,2016-04-19 21:10:53,0.0,0.0,dessub,iforge-dev,D00237821,False,Unknown,0.047
1839,1,r,Y2A1,2016-04-19 21:08:42.833469,NEW,db-desoper,2016-04-20 06:53:14,iforge111,237820.0,20130922,mjohns44,finalcut,OPS,9.717,2355,2016-04-19 21:10:12,0.0,0.0,dessub,iforge-dev,D00237820,False,Unknown,0.02
6659,1,i,Y2A1,2016-04-19 21:08:09.089039,NEW,db-desoper,2016-04-20 06:04:34,iforge130,237816.0,20130922,mjohns44,finalcut,OPS,8.912,2355,2016-04-19 21:09:52,0.0,0.0,dessub,iforge-dev,D00237816,False,Unknown,0.28200000000000003
642,1,g,Y2A1,2016-04-19 21:07:35.299959,NEW,db-desoper,2016-04-20 06:07:10,iforge130,237814.0,20130922,mjohns44,finalcut,OPS,8.966,2355,2016-04-19 21:09:12,0.0,0.0,dessub,iforge-dev,D00237814,False,Unknown,0.036000000000000004
5451,1,r,Y2A1,2016-03-29 13:43:05.088110,NEW,db-desoper,2016-03-30 12:58:47,fnpc7206.fnal.gov,237786.0,20130922,mjohns44,finalcut,OPS,23.201,2355,2016-03-29 13:46:42,0.0,0.0,dessub,fermigrid-ce,D00237786,False,supernova,0.064
1838,1,z,Y2A1,2016-04-19 21:07:01.355199,NEW,db-desoper,2016-04-20 06:32:59,iforge130,237754.0,20130922,mjohns44,finalcut,OPS,9.408,2355,2016-04-19 21:08:32,0.0,0.0,dessub,iforge-dev,D00237754,True,supernova,0.375
3033,1,z,Y2A1,2016-04-19 21:06:27.604270,NEW,db-desoper,2016-04-20 07:35:42,iforge111,237753.0,20130922,mjohns44,finalcut,OPS,10.458,2355,2016-04-19 21:08:12,0.0,0.0,dessub,iforge-dev,D00237753,True,supernova,0.337
1837,1,z,Y2A1,2016-04-19 21:05:53.896648,NEW,db-desoper,2016-04-20 06:33:39,iforge130,237720.0,20130922,mjohns44,finalcut,OPS,9.435,2355,2016-04-19 21:07:32,0.0,0.0,dessub,iforge-dev,D00237720,True,survey,0.7110000000000001
3032,1,z,Y2A1,2016-04-19 21:05:20.059161,NEW,db-desoper,2016-04-20 06:28:31,iforge130,237719.0,20130922,mjohns44,finalcut,OPS,9.361,2355,2016-04-19 21:06:53,0.0,0.0,dessub,iforge-dev,D00237719,True,survey,0.8140000000000001
5450,1,z,Y2A1,2016-04-19 21:04:46.283676,NEW,db-desoper,2016-04-20 07:32:06,iforge111,237709.0,20130922,mjohns44,finalcut,OPS,10.432,2355,2016-04-19 21:06:11,0.0,0.0,dessub,iforge-dev,D00237709,True,survey,1.018
4235,1,z,Y2A1,2016-04-19 21:04:12.256951,NEW,db-desoper,2016-04-20 06:07:08,iforge126,237704.0,20130922,mjohns44,finalcut,OPS,9.021,2355,2016-04-19 21:05:53,0.0,0.0,dessub,iforge-dev,D00237704,True,survey,0.884
637,1,i,Y2A1,2016-04-19 20:59:42.358153,NEW,db-desoper,2016-04-20 13:26:55,iforge126,236747.0,20130920,mjohns44,finalcut,OPS,16.429,2355,2016-04-19 21:01:10,0.0,0.0,dessub,iforge-dev,D00236747,False,Unknown,0.007
4230,1,r,Y2A1,2016-04-19 20:59:08.811173,NEW,db-desoper,2016-04-20 22:06:28,iforge132,236746.0,20130920,mjohns44,finalcut,OPS,25.093,2355,2016-04-19 21:00:52,0.0,0.0,dessub,iforge-dev,D00236746,False,Unknown,0.003
636,1,i,Y2A1,2016-04-19 20:58:35.254148,NEW,db-desoper,2016-04-20 16:24:34,iforge126,236430.0,20130919,mjohns44,finalcut,OPS,19.406,2355,2016-04-19 21:00:11,0.0,0.0,dessub,iforge-dev,D00236430,False,Unknown,0.025
6650,1,g,Y2A1,2016-03-29 13:29:14.066561,NEW,db-desoper,2016-03-29 18:02:27,fnpc7203.fnal.gov,232842.0,20130910,mjohns44,finalcut,OPS,4.437,2355,2016-03-29 13:36:13,0.0,0.0,dessub,fermigrid-ce,D00232842,True,survey,0.464
4224,1,g,Y2A1,2016-03-29 13:28:40.841874,NEW,db-desoper,2016-03-29 17:32:20,fnpc7208.fnal.gov,232826.0,20130910,mjohns44,finalcut,OPS,4.023,2355,2016-03-29 13:30:57,0.0,0.0,dessub,fermigrid-ce,D00232826,True,survey,0.74
3013,1,Y,Y2A1,2016-04-19 20:43:30.111520,NEW,db-desoper,2016-04-20 07:30:02,iforge131,232259.0,20130909,mjohns44,finalcut,OPS,10.748,2355,2016-04-19 20:45:08,0.0,0.0,dessub,iforge-dev,D00232259,True,survey,0.7080000000000001
624,1,g,Y2A1,2016-04-19 20:36:49.729879,NEW,db-desoper,2016-04-20 05:15:55,iforge127,230428.0,20130903,mjohns44,finalcut,OPS,8.625,2355,2016-04-19 20:38:25,0.0,0.0,dessub,iforge-dev,D00230428,False,survey,0.18100000000000002
8972,1,i,Y2A1,2016-04-19 20:34:36.667812,NEW,db-desoper,2016-04-20 05:38:04,iforge127,230381.0,20130903,mjohns44,finalcut,OPS,9.033,2355,2016-04-19 20:36:05,0.0,0.0,dessub,iforge-dev,D00230381,True,survey,0.7180000000000001
4212,1,r,Y2A1,2016-04-19 20:29:03.586873,NEW,db-desoper,2016-04-20 05:19:46,iforge132,230192.0,20130902,mjohns44,finalcut,OPS,8.817,2355,2016-04-19 20:30:45,0.0,0.0,dessub,iforge-dev,D00230192,True,supernova,0.398
5431,1,i,Y2A1,2016-04-19 20:28:29.914517,NEW,db-desoper,2016-04-20 04:59:45,iforge132,230144.0,20130902,mjohns44,finalcut,OPS,8.494,2355,2016-04-19 20:30:05,0.0,0.0,dessub,iforge-dev,D00230144,True,survey,0.913
617,1,r,Y2A1,2016-04-19 20:27:56.785790,NEW,db-desoper,2016-04-20 04:59:42,iforge132,230130.0,20130902,mjohns44,finalcut,OPS,8.505,2355,2016-04-19 20:29:25,0.0,0.0,dessub,iforge-dev,D00230130,True,survey,0.546
4211,1,g,Y2A1,2016-04-19 20:27:23.683190,NEW,db-desoper,2016-04-20 04:57:11,iforge132,230119.0,20130902,mjohns44,finalcut,OPS,8.468,2355,2016-04-19 20:29:05,0.0,0.0,dessub,iforge-dev,D00230119,True,survey,0.9870000000000001
1812,1,g,Y2A1,2016-04-19 20:26:50.487716,NEW,db-desoper,2016-04-20 04:54:22,iforge132,230099.0,20130902,mjohns44,finalcut,OPS,8.432,2355,2016-04-19 20:28:25,0.0,0.0,dessub,iforge-dev,D00230099,True,survey,0.542
7810,2,z,Y2A1,2016-04-25 13:27:45.574269,NEW,db-desoper,2016-04-25 23:01:03,iforge097,226695.0,20130815,mjohns44,finalcut,OPS,9.527,2355,2016-04-25 13:29:26,0.0,0.0,dessub,iforge-dev,D00226695,True,Unknown,1.574
2996,2,z,Y2A1,2016-04-25 13:27:09.858420,NEW,db-desoper,2016-04-26 02:31:07,iforge097,226693.0,20130815,mjohns44,finalcut,OPS,13.039,2355,2016-04-25 13:28:45,0.0,0.0,dessub,iforge-dev,D00226693,True,Unknown,1.6
2994,2,z,Y2A1,2016-04-25 13:26:37.115082,NEW,db-desoper,2016-04-26 00:57:20,iforge097,226688.0,20130815,mjohns44,finalcut,OPS,11.482,2355,2016-04-25 13:28:26,0.0,0.0,dessub,iforge-dev,D00226688,True,Unknown,1.439
608,2,z,Y2A1,2016-04-25 13:26:04.570258,NEW,db-desoper,2016-04-26 01:57:11,iforge097,226687.0,20130815,mjohns44,finalcut,OPS,12.49,2355,2016-04-25 13:27:46,0.0,0.0,dessub,iforge-dev,D00226687,True,Unknown,1.479
7808,2,z,Y2A1,2016-04-25 13:25:31.428703,NEW,db-desoper,2016-04-26 00:33:07,iforge097,226685.0,20130815,mjohns44,finalcut,OPS,11.101,2355,2016-04-25 13:27:05,0.0,0.0,dessub,iforge-dev,D00226685,True,Unknown,1.77
6633,2,i,Y2A1,2016-04-25 13:24:58.783647,NEW,db-desoper,2016-04-25 23:07:28,iforge097,226680.0,20130815,mjohns44,finalcut,OPS,9.684,2355,2016-04-25 13:26:25,0.0,0.0,dessub,iforge-dev,D00226680,True,Unknown,1.183
4201,2,i,Y2A1,2016-04-25 13:24:26.049346,NEW,db-desoper,2016-04-25 23:12:19,iforge097,226675.0,20130815,mjohns44,finalcut,OPS,9.77,2355,2016-04-25 13:26:06,0.0,0.0,dessub,iforge-dev,D00226675,True,Unknown,1.082
7806,2,z,Y2A1,2016-04-25 13:23:53.535598,NEW,db-desoper,2016-04-26 02:29:48,iforge097,226667.0,20130815,mjohns44,finalcut,OPS,13.073,2355,2016-04-25 13:25:26,0.0,0.0,dessub,iforge-dev,D00226667,True,supernova,1.19
1799,2,z,Y2A1,2016-04-25 13:23:20.982078,NEW,db-desoper,2016-04-26 00:56:24,iforge097,226654.0,20130815,mjohns44,finalcut,OPS,11.527,2355,2016-04-25 13:24:45,0.0,0.0,dessub,iforge-dev,D00226654,True,survey,1.151
2993,2,z,Y2A1,2016-04-25 13:22:48.467412,NEW,db-desoper,2016-04-26 01:42:53,iforge099,226650.0,20130815,mjohns44,finalcut,OPS,12.307,2355,2016-04-25 13:24:26,0.0,0.0,dessub,iforge-dev,D00226650,True,survey,1.078
5420,2,z,Y2A1,2016-04-25 13:22:15.803981,NEW,db-desoper,2016-04-26 02:19:14,iforge099,226618.0,20130815,mjohns44,finalcut,OPS,12.919,2355,2016-04-25 13:24:06,0.0,0.0,dessub,iforge-dev,D00226618,True,Unknown,1.212
6632,2,z,Y2A1,2016-04-25 13:21:42.820554,NEW,db-desoper,2016-04-26 02:18:15,iforge099,226615.0,20130815,mjohns44,finalcut,OPS,12.914,2355,2016-04-25 13:23:26,0.0,0.0,dessub,iforge-dev,D00226615,True,Unknown,1.222
8961,2,z,Y2A1,2016-04-25 13:21:09.831676,NEW,db-desoper,2016-04-26 03:16:34,iforge099,226610.0,20130815,mjohns44,finalcut,OPS,13.886,2355,2016-04-25 13:23:26,0.0,0.0,dessub,iforge-dev,D00226610,True,Unknown,1.2930000000000001
8960,2,Y,Y2A1,2016-04-25 13:20:36.995942,NEW,db-desoper,2016-04-26 02:27:47,iforge099,226599.0,20130815,mjohns44,finalcut,OPS,13.089,2355,2016-04-25 13:22:26,0.0,0.0,dessub,iforge-dev,D00226599,True,Unknown,2.4210000000000003
8959,2,Y,Y2A1,2016-04-25 13:20:03.619419,NEW,db-desoper,2016-04-26 02:02:53,iforge099,226592.0,20130815,mjohns44,finalcut,OPS,12.681,2355,2016-04-25 13:22:03,0.0,0.0,dessub,iforge-dev,D00226592,True,Unknown,2.0260000000000002
4198,2,Y,Y2A1,2016-04-25 13:19:29.941788,NEW,db-desoper,2016-04-26 01:40:10,iforge099,226588.0,20130815,mjohns44,finalcut,OPS,12.316,2355,2016-04-25 13:21:14,0.0,0.0,dessub,iforge-dev,D00226588,True,Unknown,1.7690000000000001
6630,2,r,Y2A1,2016-04-25 13:18:57.039424,NEW,db-desoper,2016-04-26 04:18:52,iforge099,226563.0,20130815,mjohns44,finalcut,OPS,14.966,2355,2016-04-25 13:20:55,0.0,0.0,dessub,iforge-dev,D00226563,True,Unknown,0.331
6629,2,r,Y2A1,2016-04-25 13:18:23.733967,NEW,db-desoper,2016-04-26 03:01:45,iforge099,226562.0,20130815,mjohns44,finalcut,OPS,13.692,2355,2016-04-25 13:20:15,0.0,0.0,dessub,iforge-dev,D00226562,True,Unknown,0.309
6628,2,r,Y2A1,2016-04-25 13:17:50.776632,NEW,db-desoper,2016-04-26 01:45:49,iforge099,226557.0,20130815,mjohns44,finalcut,OPS,12.432,2355,2016-04-25 13:19:54,0.0,0.0,dessub,iforge-dev,D00226557,True,Unknown,0.328
5417,2,i,Y2A1,2016-04-25 13:17:18.176016,NEW,db-desoper,2016-04-26 03:37:55,iforge099,226554.0,20130815,mjohns44,finalcut,OPS,14.311,2355,2016-04-25 13:19:15,0.0,0.0,dessub,iforge-dev,D00226554,True,Unknown,0.805
7804,2,i,Y2A1,2016-04-25 13:16:45.102689,NEW,db-desoper,2016-04-26 01:57:15,iforge099,226548.0,20130815,mjohns44,finalcut,OPS,12.644,2355,2016-04-25 13:18:35,0.0,0.0,dessub,iforge-dev,D00226548,True,Unknown,0.47600000000000003
1798,2,g,Y2A1,2016-04-25 13:16:12.608914,NEW,db-desoper,2016-04-26 03:48:26,iforge099,226525.0,20130815,mjohns44,finalcut,OPS,14.509,2355,2016-04-25 13:17:53,0.0,0.0,dessub,iforge-dev,D00226525,False,Unknown,0.111
7803,2,g,Y2A1,2016-04-25 13:15:39.860260,NEW,db-desoper,2016-04-26 02:37:46,iforge099,226510.0,20130815,mjohns44,finalcut,OPS,13.337,2355,2016-04-25 13:17:33,0.0,0.0,dessub,iforge-dev,D00226510,False,Unknown,0.092
